Filename,word,CV_environment,Duration
115_Shane_sh_medialSH_FromMS_SHEY1_1.wav,Shane,SHEY1,0.7167573696145124
115_Shane_sh_medialSH_FromMS_SH_1.wav,Shane,SHEY1,0.3275056689342404
115_ceiling_s_initialS_Orig_SIY1_1.wav,ceiling,SIY1,0.3621541950113379
115_ceiling_s_initialS_Orig_S_1.wav,ceiling,SIY1,0.2603854875283447
115_cement_s_initialS_Orig_SAH0_1.wav,cement,SAH0,0.23478458049886625
115_cement_s_initialS_Orig_S_1.wav,cement,SAH0,0.18281179138321996
115_cemetery_s_initialS_Orig_SEH1_1.wav,cemetery,SEH1,0.31002267573696146
115_cemetery_s_initialS_Orig_S_1.wav,cemetery,SEH1,0.23795918367346935
115_ceremony_s_initialS_Orig_SEH_1.wav,ceremony,SEH1,0.3353968253968254
115_ceremony_s_initialS_Orig_S_1.wav,ceremony,SEH1,0.20682539682539683
115_chandelier_sh_initialSH_Orig_SHAE0_1.wav,chandelier,SHAE0,0.33993197278911563
115_chandelier_sh_initialSH_Orig_SH_1.wav,chandelier,SHAE0,0.2089342403628118
115_chaperone_sh_initialSH_Orig_SHAE1_1.wav,chaperone,SHAE1,0.2666439909297052
115_chaperone_sh_initialSH_Orig_SH_1.wav,chaperone,SHAE1,0.15410430839002268
115_charade_sh_initialSH_Orig_SHER0_1.wav,charade,SHER0,0.3341269841269841
115_charade_sh_initialSH_Orig_SH_1.wav,charade,SHER0,0.17077097505668934
115_charlatan_sh_initialSH_Orig_SHAA1_1.wav,charlatan,SHAA1,0.2283219954648526
115_charlatan_sh_initialSH_Orig_SH_1.wav,charlatan,SHAA1,0.18857142857142856
115_chivalry_sh_initialSH_Orig_SHIH1_1.wav,chivalry,SHIH1,0.29555555555555557
115_chivalry_sh_initialSH_Orig_SH_1.wav,chivalry,SHIH1,0.22126984126984128
115_saddle_s_initialS_Orig_SAE1_1.wav,saddle,SAE1,0.292312925170068
115_saddle_s_initialS_Orig_S_1.wav,saddle,SAE1,0.17560090702947845
115_sailboat_s_initialS_Orig_SEY1_1.wav,sailboat,SEY1,0.3556235827664399
115_sailboat_s_initialS_Orig_S_1.wav,sailboat,SEY1,0.2191156462585034
115_salmon_s_initialS_Orig_SAE1_1.wav,salmon,SAE1,0.5643537414965987
115_salmon_s_initialS_Orig_S_1.wav,salmon,SAE1,0.4264625850340136
115_sane_s_medialS_FromMS_SEY1_1.wav,sane,SEY1,0.6529478458049887
115_sane_s_medialS_FromMS_S_1.wav,sane,SEY1,0.3153061224489796
115_satellite_s_initialS_Orig_SAE1_1.wav,satellite,SAE1,0.33537414965986395
115_satellite_s_initialS_Orig_S_1.wav,satellite,SAE1,0.2393424036281179
115_sauna_s_initialS_Orig_SAO1_1.wav,sauna,SAO1,0.4443537414965986
115_sauna_s_initialS_Orig_S_1.wav,sauna,SAO1,0.261156462585034
115_sector_s_initialS_Orig_SEH1_1.wav,sector,SEH1,0.2833333333333333
115_sector_s_initialS_Orig_S_1.wav,sector,SEH1,0.22727891156462585
115_seedling_s_initialS_Orig_SIY1_1.wav,seedling,SIY1,0.36925170068027213
115_seedling_s_initialS_Orig_S_1.wav,seedling,SIY1,0.24337868480725625
115_seem_s_medialS_FromMS_SIY1_1.wav,seem,SIY1,0.6720408163265306
115_seem_s_medialS_FromMS_S_1.wav,seem,SIY1,0.32276643990929704
115_seminar_s_initialS_Orig_SEH1_1.wav,seminar,SEH1,0.33945578231292517
115_seminar_s_initialS_Orig_S_1.wav,seminar,SEH1,0.2608843537414966
115_settlement_s_initialS_Orig_SEH1_1.wav,settlement,SEH1,0.24321995464852608
115_settlement_s_initialS_Orig_S_1.wav,settlement,SEH1,0.1795011337868481
115_shadow_sh_initialSH_Orig_SHAE1_1.wav,shadow,SHAE1,0.4108390022675737
115_shadow_sh_initialSH_Orig_SH_1.wav,shadow,SHAE1,0.23607709750566896
115_shady_sh_initialSH_Orig_SHEY1_1.wav,shady,SHEY1,0.4176417233560091
115_shady_sh_initialSH_Orig_SH_1.wav,shady,SHEY1,0.23709750566893423
115_shampoo_sh_initialSH_Orig_SHAE0_1.wav,shampoo,SHAE0,0.35859410430839
115_shampoo_sh_initialSH_Orig_SH_1.wav,shampoo,SHAE0,0.2117233560090703
115_shareholder_sh_initialSH_Orig_SHEH1_1.wav,shareholder,SHEH1,0.3798185941043084
115_shareholder_sh_initialSH_Orig_SH_1.wav,shareholder,SHEH1,0.24555555555555555
115_sheep_sh_medialSH_FromMS_SHIY1_1.wav,sheep,SHIY1,0.34462585034013604
115_sheep_sh_medialSH_FromMS_SH_1.wav,sheep,SHIY1,0.21428571428571427
115_shelter_sh_initialSH_Orig_SHEH1_1.wav,shelter,SHEH1,0.24503401360544216
115_shelter_sh_initialSH_Orig_SH_1.wav,shelter,SHEH1,0.17328798185941044
115_shindig_sh_initialSH_Orig_SHIH1_1.wav,shindig,SHIH1,0.2797732426303855
115_shindig_sh_initialSH_Orig_SH_1.wav,shindig,SHIH1,0.20569160997732427
115_shiny_sh_initialSH_Orig_SHAY1_1.wav,shiny,SHAY1,0.3687074829931973
115_shiny_sh_initialSH_Orig_SH_1.wav,shiny,SHAY1,0.20351473922902497
115_shipment_sh_initialSH_Orig_SHIH1_1.wav,shipment,SHIH1,0.2173696145124717
115_shipment_sh_initialSH_Orig_SH_1.wav,shipment,SHIH1,0.1601814058956916
115_shoplifter_sh_initialSH_Orig_SHAA1_1.wav,shoplifter,SHAA1,0.31979591836734694
115_shoplifter_sh_initialSH_Orig_SH_1.wav,shoplifter,SHAA1,0.20321995464852607
115_shortcut_sh_initialSH_Orig_SHAO1_1.wav,shortcut,SHAO1,0.19258503401360544
115_shortcut_sh_initialSH_Orig_SH_1.wav,shortcut,SHAO1,0.15024943310657596
115_shoulder_sh_initialSH_Orig_SHOW1_1.wav,shoulder,SHOW1,0.31195011337868483
115_shoulder_sh_initialSH_Orig_SH_1.wav,shoulder,SHOW1,0.2039002267573696
115_shovel_sh_initialSH_Orig_SHAH1_1.wav,shovel,SHAH1,0.2692063492063492
115_shovel_sh_initialSH_Orig_SH_1.wav,shovel,SHAH1,0.1728344671201814
115_show_sh_medialSH_FromMS_SHOW1_1.wav,show,SHOW1,0.5858049886621315
115_show_sh_medialSH_FromMS_SH_1.wav,show,SHOW1,0.186031746031746
115_shudder_sh_initialSH_Orig_SHAH1_1.wav,shudder,SHAH1,0.31281179138321996
115_shudder_sh_initialSH_Orig_SH_1.wav,shudder,SHAH1,0.21086167800453515
115_shuffle_sh_initialSH_Orig_SHAH1_1.wav,shuffle,SHAH1,0.2952607709750567
115_shuffle_sh_initialSH_Orig_SH_1.wav,shuffle,SHAH1,0.22031746031746033
115_sidewalk_s_initialS_Orig_SAY1_1.wav,sidewalk,SAY1,0.326281179138322
115_sidewalk_s_initialS_Orig_S_1.wav,sidewalk,SAY1,0.17052154195011338
115_silver_s_initialS_Orig_SIH1_1.wav,silver,SIH1,0.32346938775510203
115_silver_s_initialS_Orig_S_1.wav,silver,SIH1,0.246734693877551
115_soak_s_medialS_FromMS_SOW1_1.wav,soak,SOW1,0.4066439909297052
115_soak_s_medialS_FromMS_S_1.wav,soak,SOW1,0.2522675736961451
115_socket_s_initialS_Orig_SAA1_1.wav,socket,SAA1,0.32607709750566893
115_socket_s_initialS_Orig_S_1.wav,socket,SAA1,0.20582766439909295
115_submarine_s_initialS_Orig_SAH1_1.wav,submarine,SAH2,0.3027437641723356
115_submarine_s_initialS_Orig_S_1.wav,submarine,SAH2,0.2263718820861678
115_sugar_sh_initialSH_Orig_SHUH1_1.wav,sugar,SHUH1,0.3351700680272109
115_sugar_sh_initialSH_Orig_SH_1.wav,sugar,SHUH1,0.23766439909297052
115_sunroof_s_initialS_Orig_SAH1_1.wav,sunroof,SAH1,0.29630385487528343
115_sunroof_s_initialS_Orig_S_1.wav,sunroof,SAH1,0.20630385487528344
115_surfboard_s_initialS_Orig_SER1_1.wav,surfboard,SER1,0.33918367346938777
115_surfboard_s_initialS_Orig_S_1.wav,surfboard,SER1,0.19857142857142857
115_syrup_s_initialS_Orig_SIH1_1.wav,syrup,SIH1,0.3887301587301587
115_syrup_s_initialS_Orig_S_1.wav,syrup,SIH1,0.2843310657596372
159_Shane_sh_medialSH_FromMS_SHEY1_1.wav,Shane,SHEY1,0.488843537414966
159_Shane_sh_medialSH_FromMS_SH_1.wav,Shane,SHEY1,0.2527891156462585
159_ceiling_s_initialS_Orig_SIY1_1.wav,ceiling,SIY1,0.3328798185941043
159_ceiling_s_initialS_Orig_S_1.wav,ceiling,SIY1,0.1928798185941043
159_cement_s_initialS_Orig_SAH0_1.wav,cement,SAH0,0.26693877551020406
159_cement_s_initialS_Orig_S_1.wav,cement,SAH0,0.2028344671201814
159_cemetery_s_initialS_Orig_SEH1_1.wav,cemetery,SEH1,0.19494331065759635
159_cemetery_s_initialS_Orig_S_1.wav,cemetery,SEH1,0.1273469387755102
159_ceremony_s_initialS_Orig_SEH1_1.wav,ceremony,SEH1,0.2816326530612245
159_ceremony_s_initialS_Orig_S_1.wav,ceremony,SEH1,0.17403628117913833
159_chandelier_sh_initialSH_Orig_SHAE0_1.wav,chandelier,SHAE0,0.2699319727891156
159_chandelier_sh_initialSH_Orig_SH_1.wav,chandelier,SHAE0,0.14501133786848072
159_chaperone_sh_initialSH_Orig_SHAE1_1.wav,chaperone,SHAE1,0.31532879818594106
159_chaperone_sh_initialSH_Orig_SH_1.wav,chaperone,SHAE1,0.1728344671201814
159_charade_sh_initialSH_Orig_SHER0_1.wav,charade,SHER0,0.34417233560090704
159_charade_sh_initialSH_Orig_SH_1.wav,charade,SHER0,0.1994557823129252
159_charlatan_sh_initialSH_Orig_SHAA1_1.wav,charlatan,SHAA1,0.2095011337868481
159_charlatan_sh_initialSH_Orig_SH_1.wav,charlatan,SHAA1,0.15984126984126984
159_chivalry_sh_initialSH_Orig_SHIH1_1.wav,chivalry,SHIH1,0.2335827664399093
159_chivalry_sh_initialSH_Orig_SH_1.wav,chivalry,SHIH1,0.183718820861678
159_saddle_s_initialS_Orig_SAE1_1.wav,saddle,SAE1,0.3333333333333333
159_saddle_s_initialS_Orig_S_1.wav,saddle,SAE1,0.18616780045351475
159_sailboat_s_initialS_Orig_SEY1_1.wav,sailboat,SEY1,0.3515419501133787
159_sailboat_s_initialS_Orig_S_1.wav,sailboat,SEY1,0.20723356009070296
159_salmon_s_initialS_Orig_SAE1_1.wav,salmon,SAE1,0.3706122448979592
159_salmon_s_initialS_Orig_S_1.wav,salmon,SAE1,0.2167800453514739
159_sane_s_medialS_FromMS_SEY1_1.wav,sane,SEY1,0.5522222222222222
159_sane_s_medialS_FromMS_S_1.wav,sane,SEY1,0.26034013605442174
159_satellite_s_initialS_Orig_SAE1_1.wav,satellite,SAE1,0.3022448979591837
159_satellite_s_initialS_Orig_S_1.wav,satellite,SAE1,0.19224489795918367
159_sauna_s_initialS_Orig_SAO1_1.wav,sauna,SAO1,0.3213378684807256
159_sauna_s_initialS_Orig_S_1.wav,sauna,SAO1,0.17839002267573695
159_sector_s_initialS_Orig_SEH1_1.wav,sector,SEH1,0.2912698412698413
159_sector_s_initialS_Orig_S_1.wav,sector,SEH1,0.21487528344671203
159_seedling_s_initialS_Orig_SIY1_1.wav,seedling,SIY1,0.31834467120181403
159_seedling_s_initialS_Orig_S_1.wav,seedling,SIY1,0.2166893424036281
159_seem_s_medialS_FromMS_SIY1_1.wav,seem,SIY1,0.5161224489795918
159_seem_s_medialS_FromMS_S_1.wav,seem,SIY1,0.2656689342403628
159_seminar_s_initialS_Orig_SEH1_1.wav,seminar,SEH1,0.2538321995464853
159_seminar_s_initialS_Orig_S_1.wav,seminar,SEH1,0.17426303854875283
159_settlement_s_initialS_Orig_SEH1_1.wav,settlement,SEH1,0.2682993197278912
159_settlement_s_initialS_Orig_S_1.wav,settlement,SEH1,0.19154195011337868
159_shadow_sh_initialSH_Orig_SHAE1_1.wav,shadow,SHAE1,0.3647619047619048
159_shadow_sh_initialSH_Orig_SH_1.wav,shadow,SHAE1,0.20800453514739228
159_shady_sh_initialSH_Orig_SHEY1_1.wav,shady,SHEY1,0.3909750566893424
159_shady_sh_initialSH_Orig_SH_1.wav,shady,SHEY1,0.23328798185941044
159_shampoo_sh_initialSH_Orig_SHAE0_1.wav,shampoo,SHAE0,0.2749886621315193
159_shampoo_sh_initialSH_Orig_SH_1.wav,shampoo,SHAE0,0.14179138321995466
159_shareholder_sh_initialSH_Orig_SHEH1_1.wav,shareholder,SHEH1,0.3024943310657596
159_shareholder_sh_initialSH_Orig_SH_1.wav,shareholder,SHEH1,0.19503401360544215
159_sheep_sh_medialSH_FromMS_SHIY1_1.wav,sheep,SHIY1,0.3835374149659864
159_sheep_sh_medialSH_FromMS_SH_1.wav,sheep,SHIY1,0.22977324263038548
159_shelter_sh_initialSH_Orig_SHEH1_1.wav,shelter,SHEH1,0.26564625850340134
159_shelter_sh_initialSH_Orig_SH_1.wav,shelter,SHEH1,0.1854421768707483
159_shindig_sh_initialSH_Orig_SHIH1_1.wav,shindig,SHIH1,0.2655102040816327
159_shindig_sh_initialSH_Orig_SH_1.wav,shindig,SHIH1,0.17492063492063492
159_shiny_sh_initialSH_Orig_SHAY1_1.wav,shiny,SHAY1,0.4307709750566893
159_shiny_sh_initialSH_Orig_SH_1.wav,shiny,SHAY1,0.21492063492063493
159_shipment_sh_initialSH_Orig_SHIH1_1.wav,shipment,SHIH1,0.3039002267573696
159_shipment_sh_initialSH_Orig_SH_1.wav,shipment,SHIH1,0.22444444444444445
159_shoplifter_sh_initialSH_Orig_SHAA1_1.wav,shoplifter,SHAA1,0.30045351473922904
159_shoplifter_sh_initialSH_Orig_SH_1.wav,shoplifter,SHAA1,0.1903854875283447
159_shortcut_sh_initialSH_Orig_SHAO1_1.wav,shortcut,SHAO1,0.21249433106575963
159_shortcut_sh_initialSH_Orig_SH_1.wav,shortcut,SHAO1,0.16045351473922903
159_shoulder_sh_initialSH_Orig_SHOW1_1.wav,shoulder,SHOW1,0.28467120181405897
159_shoulder_sh_initialSH_Orig_SH_1.wav,shoulder,SHOW1,0.20467120181405896
159_shovel_sh_initialSH_Orig_SHAH1_1.wav,shovel,SHAH1,0.3136507936507936
159_shovel_sh_initialSH_Orig_SH_1.wav,shovel,SHAH1,0.216031746031746
159_show_sh_medialSH_FromMS_SHOW1_1.wav,show,SHOW1,1.0716326530612246
159_show_sh_medialSH_FromMS_SH_1.wav,show,SHOW1,0.2383673469387755
159_shudder_sh_initialSH_Orig_SHAH1_1.wav,shudder,SHAH1,0.3253061224489796
159_shudder_sh_initialSH_Orig_SH_1.wav,shudder,SHAH1,0.2150793650793651
159_shuffle_sh_initialSH_Orig_SHAH1_1.wav,shuffle,SHAH1,0.3200907029478458
159_shuffle_sh_initialSH_Orig_SH_1.wav,shuffle,SHAH1,0.2171428571428571
159_sidewalk_s_initialS_Orig_SAY1_1.wav,sidewalk,SAY1,0.35931972789115646
159_sidewalk_s_initialS_Orig_S_1.wav,sidewalk,SAY1,0.18607709750566895
159_silver_s_initialS_Orig_SIH1_1.wav,silver,SIH1,0.24267573696145123
159_silver_s_initialS_Orig_S_1.wav,silver,SIH1,0.16267573696145124
159_soak_s_medialS_FromMS_SOW1_1.wav,soak,SOW1,0.36988662131519273
159_soak_s_medialS_FromMS_S_1.wav,soak,SOW1,0.21201814058956917
159_socket_s_initialS_Orig_SAA1_1.wav,socket,SAA1,0.3347845804988662
159_socket_s_initialS_Orig_S_1.wav,socket,SAA1,0.213718820861678
159_submarine_s_initialS_Orig_SAH1_1.wav,submarine,SAH2,0.23496598639455785
159_submarine_s_initialS_Orig_S_1.wav,submarine,SAH2,0.16047619047619047
159_sugar_sh_initialSH_Orig_SHUH1_1.wav,sugar,SHUH1,0.3141043083900227
159_sugar_sh_initialSH_Orig_SH_1.wav,sugar,SHUH1,0.22784580498866217
159_sunroof_s_initialS_Orig_SAH1_1.wav,sunroof,SAH1,0.271859410430839
159_sunroof_s_initialS_Orig_S_1.wav,sunroof,SAH1,0.16476190476190475
159_surfboard_s_initialS_Orig_SER1_1.wav,surfboard,SER1,0.27424036281179137
159_surfboard_s_initialS_Orig_S_1.wav,surfboard,SER1,0.15666666666666668
159_syrup_s_initialS_Orig_SER1_1.wav,syrup,SER1,0.35140589569160996
159_syrup_s_initialS_Orig_S_1.wav,syrup,SIH1,0.15430839002267574
2436_Shane_sh_medialSH_FromMS_SHEY1_1.wav,Shane,SHEY1,0.34183673469387754
2436_Shane_sh_medialSH_FromMS_SH_1.wav,Shane,SHEY1,0.1479591836734694
2436_ceiling_s_initialS_Orig_SIY1_1.wav,ceiling,SIY1,0.18319727891156465
2436_ceiling_s_initialS_Orig_S_1.wav,ceiling,SIY1,0.10705215419501134
2436_cement_s_initialS_Orig_SAH0_1.wav,cement,SAH0,0.18188208616780047
2436_cement_s_initialS_Orig_S_1.wav,cement,SAH0,0.13913832199546486
2436_cemetery_s_initialS_Orig_SEH1_1.wav,cemetery,SEH1,0.1298639455782313
2436_cemetery_s_initialS_Orig_S_1.wav,cemetery,SEH1,0.09825396825396826
2436_ceremony_s_initialS_Orig_SEH1_1.wav,ceremony,SEH1,0.16458049886621315
2436_ceremony_s_initialS_Orig_S_1.wav,ceremony,SEH1,0.11267573696145124
2436_chandelier_sh_initialSH_Orig_SHAE0_1.wav,chandelier,SHAE0,0.19968253968253968
2436_chandelier_sh_initialSH_Orig_SH_1.wav,chandelier,SHAE0,0.12807256235827663
2436_chaperone_sh_initialSH_Orig_SHAE1_1.wav,chaperone,SHAE1,0.23496598639455785
2436_chaperone_sh_initialSH_Orig_SH_1.wav,chaperone,SHAE1,0.11854875283446711
2436_charade_sh_initialSH_Orig_SHER0_1.wav,charade,SHER0,0.3000453514739229
2436_charade_sh_initialSH_Orig_SH_1.wav,charade,SHER0,0.14496598639455782
2436_charlatan_sh_initialSH_Orig_SHAA1_1.wav,charlatan,SHAA1,0.13342403628117913
2436_charlatan_sh_initialSH_Orig_SH_1.wav,charlatan,SHAA1,0.09852607709750567
2436_chivalry_sh_initialSH_Orig_SHIH1_1.wav,chivalry,SHIH1,0.14727891156462586
2436_chivalry_sh_initialSH_Orig_SH_1.wav,chivalry,SHIH1,0.11174603174603176
2436_saddle_s_initialS_Orig_SAE1_1.wav,saddle,SAE1,0.27417233560090704
2436_saddle_s_initialS_Orig_S_1.wav,saddle,SAE1,0.1453968253968254
2436_sailboat_s_initialS_Orig_SEY1_1.wav,sailboat,SEY1,0.20532879818594105
2436_sailboat_s_initialS_Orig_S_1.wav,sailboat,SEY1,0.12532879818594103
2436_salmon_s_initialS_Orig_SAE1_1.wav,salmon,SAE1,0.2137641723356009
2436_salmon_s_initialS_Orig_S_1.wav,salmon,SAE1,0.12993197278911564
2436_sane_s_medialS_FromMS_SEY1_1.wav,sane,SEY1,0.36863945578231294
2436_sane_s_medialS_FromMS_S_1.wav,sane,SEY1,0.1973015873015873
2436_satellite_s_initialS_Orig_SAE1_1.wav,satellite,SAE1,0.17643990929705217
2436_satellite_s_initialS_Orig_S_1.wav,satellite,SAE1,0.1000453514739229
2436_sauna_s_initialS_Orig_SAO1_1.wav,sauna,SAO1,0.23857142857142857
2436_sauna_s_initialS_Orig_S_1.wav,sauna,SAO1,0.1287528344671202
2436_sector_s_initialS_Orig_SEH1_1.wav,sector,SEH1,0.22489795918367347
2436_sector_s_initialS_Orig_S_1.wav,sector,SEH1,0.12621315192743765
2436_seedling_s_initialS_Orig_SIY1_1.wav,seedling,SIY1,0.1739002267573696
2436_seedling_s_initialS_Orig_S_1.wav,seedling,SIY1,0.11233560090702947
2436_seem_s_medialS_FromMS_SIY1_1.wav,seem,SIY1,0.32267573696145124
2436_seem_s_medialS_FromMS_S_1.wav,seem,SIY1,0.16219954648526078
2436_seminar_s_initialS_Orig_SEH1_1.wav,seminar,SEH1,0.1708843537414966
2436_seminar_s_initialS_Orig_S_1.wav,seminar,SEH1,0.12961451247165534
2436_settlement_s_initialS_Orig_SEH1_1.wav,settlement,SEH1,0.16684807256235828
2436_settlement_s_initialS_Orig_S_1.wav,settlement,SEH1,0.09941043083900226
2436_shadow_sh_initialSH_Orig_SHAE1_1.wav,shadow,SHAE1,0.23666666666666664
2436_shadow_sh_initialSH_Orig_SH_1.wav,shadow,SHAE1,0.12566893424036282
2436_shady_sh_initialSH_Orig_SHEY1_1.wav,shady,SHEY1,0.2624489795918367
2436_shady_sh_initialSH_Orig_SH_1.wav,shady,SHEY1,0.13399092970521542
2436_shampoo_sh_initialSH_Orig_SHAE0_1.wav,shampoo,SHAE0,0.17170068027210883
2436_shampoo_sh_initialSH_Orig_SH_1.wav,shampoo,SHAE0,0.1065532879818594
2436_shareholder_sh_initialSH_Orig_SHEH1_1.wav,shareholder,SHEH1,0.19712018140589568
2436_shareholder_sh_initialSH_Orig_SH_1.wav,shareholder,SHEH1,0.11546485260770976
2436_sheep_sh_medialSH_FromMS_SHIY1_1.wav,sheep,SHIY1,0.2898866213151927
2436_sheep_sh_medialSH_FromMS_SH_1.wav,sheep,SHIY1,0.1560997732426304
2436_shelter_sh_initialSH_Orig_SHEH1_1.wav,shelter,SHEH1,0.1858503401360544
2436_shelter_sh_initialSH_Orig_SH_1.wav,shelter,SHEH1,0.1327891156462585
2436_shindig_sh_initialSH_Orig_SHIH1_1.wav,shindig,SHIH1,0.19736961451247165
2436_shindig_sh_initialSH_Orig_SH_1.wav,shindig,SHIH1,0.12897959183673469
2436_shiny_sh_initialSH_Orig_SHAY1_1.wav,shiny,SHAY1,0.21757369614512473
2436_shiny_sh_initialSH_Orig_SH_1.wav,shiny,SHAY1,0.08820861678004535
2436_shipment_sh_initialSH_Orig_SHIH1_1.wav,shipment,SHIH1,0.20825396825396825
2436_shipment_sh_initialSH_Orig_SH_1.wav,shipment,SHIH1,0.1471201814058957
2436_shoplifter_sh_initialSH_Orig_SHAA1_1.wav,shoplifter,SHAA1,0.22038548752834464
2436_shoplifter_sh_initialSH_Orig_SH_1.wav,shoplifter,SHAA1,0.12435374149659864
2436_shortcut_sh_initialSH_Orig_SHAO1_1.wav,shortcut,SHAO1,0.1402721088435374
2436_shortcut_sh_initialSH_Orig_SH_1.wav,shortcut,SHAO1,0.10494331065759638
2436_shoulder_sh_initialSH_Orig_SHOW1_1.wav,shoulder,SHOW1,0.1634467120181406
2436_shoulder_sh_initialSH_Orig_SH_1.wav,shoulder,SHOW1,0.09585034013605442
2436_shovel_sh_initialSH_Orig_SHAH1_1.wav,shovel,SHAH1,0.23174603174603176
2436_shovel_sh_initialSH_Orig_SH_1.wav,shovel,SHAH1,0.13526077097505668
2436_show_sh_medialSH_FromMS_SHOW1_1.wav,show,SHOW1,0.4949433106575964
2436_show_sh_medialSH_FromMS_SH_1.wav,show,SHOW1,0.15675736961451248
2436_shudder_sh_initialSH_Orig_SHAH1_1.wav,shudder,SHAH1,0.2514739229024943
2436_shudder_sh_initialSH_Orig_SH_1.wav,shudder,SHAH1,0.1680498866213152
2436_shuffle_sh_initialSH_Orig_SHAH1_1.wav,shuffle,SHAH1,0.25718820861678005
2436_shuffle_sh_initialSH_Orig_SH_1.wav,shuffle,SHAH1,0.15312925170068029
2436_sidewalk_s_initialS_Orig_SAY1_1.wav,sidewalk,SAY1,0.19145124716553288
2436_sidewalk_s_initialS_Orig_S_1.wav,sidewalk,SAY1,0.11863945578231291
2436_silver_s_initialS_Orig_SIH1_1.wav,silver,SIH1,0.157437641723356
2436_silver_s_initialS_Orig_S_1.wav,silver,SIH1,0.1295691609977324
2436_soak_s_medialS_FromMS_SOW1_1.wav,soak,SOW1,0.2750566893424036
2436_soak_s_medialS_FromMS_S_1.wav,soak,SOW1,0.16467120181405895
2436_socket_s_initialS_Orig_SAA1_1.wav,socket,SAA1,0.21013605442176872
2436_socket_s_initialS_Orig_S_1.wav,socket,SAA1,0.11800453514739229
2436_submarine_s_initialS_Orig_SAH2_1.wav,submarine,SAH2,0.17607709750566894
2436_submarine_s_initialS_Orig_S_1.wav,submarine,SAH2,0.11607709750566891
2436_sugar_sh_initialSH_Orig_SHUH1_1.wav,sugar,SHUH1,0.2207482993197279
2436_sugar_sh_initialSH_Orig_SH_1.wav,sugar,SHUH1,0.1320408163265306
2436_sunroof_s_initialS_Orig_SAH1_1.wav,sunroof,SAH1,0.1734920634920635
2436_sunroof_s_initialS_Orig_S_1.wav,sunroof,SAH1,0.10231292517006804
2436_surfboard_s_initialS_Orig_SER1_1.wav,surfboard,SER1,0.2073015873015873
2436_surfboard_s_initialS_Orig_S_1.wav,surfboard,SER1,0.1212471655328798
2436_syrup_s_initialS_Orig_SER1_1.wav,syrup,SER1,0.27485260770975056
2436_syrup_s_initialS_Orig_S_1.wav,syrup,SIH1,0.13129251700680272
2453_Shane_sh_medialSH_FromMS_SHEY1_1.wav,Shane,SHEY1,0.43560090702947846
2453_Shane_sh_medialSH_FromMS_SH_1.wav,Shane,SHEY1,0.16068027210884353
2453_ceiling_s_initialS_Orig_SIY1_1.wav,ceiling,SIY1,0.415124716553288
2453_ceiling_s_initialS_Orig_S_1.wav,ceiling,SIY1,0.2610657596371882
2453_cement_s_initialS_Orig_SAH0_1.wav,cement,SAH0,0.234421768707483
2453_cement_s_initialS_Orig_S_1.wav,cement,SAH0,0.19024943310657597
2453_cemetery_s_initialS_Orig_SEH1_1.wav,cemetery,SEH1,0.2
2453_cemetery_s_initialS_Orig_S_1.wav,cemetery,SEH1,0.15
2453_ceremony_s_initialS_Orig_SEH1_1.wav,ceremony,SEH1,0.2954421768707483
2453_ceremony_s_initialS_Orig_S_1.wav,ceremony,SEH1,0.19356009070294783
2453_chandelier_sh_initialSH_Orig_SHAE0_1.wav,chandelier,SHAE0,0.20321995464852607
2453_chandelier_sh_initialSH_Orig_SH_1.wav,chandelier,SHAE0,0.14467120181405896
2453_chaperone_sh_initialSH_Orig_SHAE1_1.wav,chaperone,SHAE1,0.297891156462585
2453_chaperone_sh_initialSH_Orig_SH_1.wav,chaperone,SHAE1,0.1727437641723356
2453_charade_sh_initialSH_Orig_SHER0_1.wav,charade,SHER0,0.31222222222222223
2453_charade_sh_initialSH_Orig_SH_1.wav,charade,SHER0,0.14578231292517008
2453_charlatan_sh_initialSH_Orig_SHAA1_1.wav,charlatan,SHAA1,0.49875283446712015
2453_charlatan_sh_initialSH_Orig_SH_1.wav,charlatan,SHAA1,0.3134013605442177
2453_chivalry_sh_initialSH_Orig_SHIH1_1.wav,chivalry,SHIH1,0.2918140589569161
2453_chivalry_sh_initialSH_Orig_SH_1.wav,chivalry,SHIH1,0.20526077097505668
2453_saddle_s_initialS_Orig_SAE1_1.wav,saddle,SAE1,0.34480725623582764
2453_saddle_s_initialS_Orig_S_1.wav,saddle,SAE1,0.19480725623582767
2453_sailboat_s_initialS_Orig_SEY1_1.wav,sailboat,SEY1,0.3436961451247166
2453_sailboat_s_initialS_Orig_S_1.wav,sailboat,SEY1,0.21154195011337867
2453_salmon_s_initialS_Orig_SAE1_1.wav,salmon,SAE1,0.34140589569160995
2453_salmon_s_initialS_Orig_S_1.wav,salmon,SAE1,0.19149659863945576
2453_sane_s_medialS_FromMS_SEY1_1.wav,sane,SEY1,0.4124943310657596
2453_sane_s_medialS_FromMS_S_1.wav,sane,SEY1,0.19024943310657597
2453_satellite_s_initialS_Orig_SAE1_1.wav,satellite,SAE1,0.3192290249433107
2453_satellite_s_initialS_Orig_S_1.wav,satellite,SAE1,0.17922902494331067
2453_sauna_s_initialS_Orig_SAO1_1.wav,sauna,SAO1,0.3239909297052154
2453_sauna_s_initialS_Orig_S_1.wav,sauna,SAO1,0.1770748299319728
2453_sector_s_initialS_Orig_SEH1_1.wav,sector,SEH1,0.33859410430839004
2453_sector_s_initialS_Orig_S_1.wav,sector,SEH1,0.24285714285714283
2453_seedling_s_initialS_Orig_SIY1_1.wav,seedling,SIY1,0.37900226757369615
2453_seedling_s_initialS_Orig_S_1.wav,seedling,SIY1,0.2680272108843537
2453_seem_s_medialS_FromMS_SIY1_1.wav,seem,SIY1,0.5463945578231293
2453_seem_s_medialS_FromMS_S_1.wav,seem,SIY1,0.30569160997732425
2453_seminar_s_initialS_Orig_SEH1_1.wav,seminar,SEH1,0.2956235827664399
2453_seminar_s_initialS_Orig_S_1.wav,seminar,SEH1,0.21344671201814056
2453_settlement_s_initialS_Orig_SEH1_1.wav,settlement,SEH1,0.22006802721088436
2453_settlement_s_initialS_Orig_S_1.wav,settlement,SEH1,0.151859410430839
2453_shadow_sh_initialSH_Orig_SHAE1_1.wav,shadow,SHAE1,0.39240362811791385
2453_shadow_sh_initialSH_Orig_SH_1.wav,shadow,SHAE1,0.22172335600907028
2453_shady_sh_initialSH_Orig_SHEY1_1.wav,shady,SHEY1,0.4261678004535148
2453_shady_sh_initialSH_Orig_SH_1.wav,shady,SHEY1,0.21356009070294785
2453_shampoo_sh_initialSH_Orig_SHAE0_1.wav,shampoo,SHAE0,0.22510204081632657
2453_shampoo_sh_initialSH_Orig_SH_1.wav,shampoo,SHAE0,0.13040816326530613
2453_shareholder_sh_initialSH_Orig_SHEH1_1.wav,shareholder,SHEH1,0.256281179138322
2453_shareholder_sh_initialSH_Orig_SH_1.wav,shareholder,SHEH1,0.1891156462585034
2453_sheep_sh_medialSH_FromMS_SHIY1_1.wav,sheep,SHIY1,0.36160997732426303
2453_sheep_sh_medialSH_FromMS_SH_1.wav,sheep,SHIY1,0.20825396825396825
2453_shelter_sh_initialSH_Orig_SHEH1_1.wav,shelter,SHEH1,0.166281179138322
2453_shelter_sh_initialSH_Orig_SH_1.wav,shelter,SHEH1,0.12054421768707484
2453_shindig_sh_initialSH_Orig_SHIH1_1.wav,shindig,SHIH1,0.2172108843537415
2453_shindig_sh_initialSH_Orig_SH_1.wav,shindig,SHIH1,0.13664399092970522
2453_shiny_sh_initialSH_Orig_SHAY1_1.wav,shiny,SHAY1,0.3777324263038549
2453_shiny_sh_initialSH_Orig_SH_1.wav,shiny,SHAY1,0.20496598639455785
2453_shipment_sh_initialSH_Orig_SHIH1_1.wav,shipment,SHIH1,0.155124716553288
2453_shipment_sh_initialSH_Orig_SH_1.wav,shipment,SHIH1,0.09448979591836734
2453_shoplifter_sh_initialSH_Orig_SHAA1_1.wav,shoplifter,SHAA1,0.2796145124716553
2453_shoplifter_sh_initialSH_Orig_SH_1.wav,shoplifter,SHAA1,0.15505668934240363
2453_shortcut_sh_initialSH_Orig_SHAO1_1.wav,shortcut,SHAO1,0.18727891156462584
2453_shortcut_sh_initialSH_Orig_SH_1.wav,shortcut,SHAO1,0.13448979591836735
2453_shoulder_sh_initialSH_Orig_SHOW1_1.wav,shoulder,SHOW1,0.3589342403628118
2453_shoulder_sh_initialSH_Orig_SH_1.wav,shoulder,SHOW1,0.2389342403628118
2453_shovel_sh_initialSH_Orig_SHAH1_1.wav,shovel,SHAH1,0.4592517006802721
2453_shovel_sh_initialSH_Orig_SH_1.wav,shovel,SHAH1,0.3215646258503401
2453_show_sh_medialSH_FromMS_SHOW1_1.wav,show,SHOW1,0.5473469387755102
2453_show_sh_medialSH_FromMS_SH_1.wav,show,SHOW1,0.16938775510204082
2453_shudder_sh_initialSH_Orig_SHAH1_1.wav,shudder,SHAH1,0.3508843537414966
2453_shudder_sh_initialSH_Orig_SH_1.wav,shudder,SHAH1,0.2283673469387755
2453_shuffle_sh_initialSH_Orig_SHAH1_1.wav,shuffle,SHAH1,0.2903174603174603
2453_shuffle_sh_initialSH_Orig_SH_1.wav,shuffle,SHAH1,0.19419501133786848
2453_sidewalk_s_initialS_Orig_SAY1_1.wav,sidewalk,SAY1,0.2780272108843537
2453_sidewalk_s_initialS_Orig_S_1.wav,sidewalk,SAY1,0.14199546485260772
2453_silver_s_initialS_Orig_SIH1_1.wav,silver,SIH1,0.24215419501133784
2453_silver_s_initialS_Orig_S_1.wav,silver,SIH1,0.2091383219954649
2453_soak_s_medialS_FromMS_SOW1_1.wav,soak,SOW1,0.4314512471655329
2453_soak_s_medialS_FromMS_S_1.wav,soak,SOW1,0.25145124716553285
2453_socket_s_initialS_Orig_SAA1_1.wav,socket,SAA1,0.3863718820861678
2453_socket_s_initialS_Orig_S_1.wav,socket,SAA1,0.24487528344671203
2453_submarine_s_initialS_Orig_SAH2_1.wav,submarine,SAH2,0.2572562358276644
2453_submarine_s_initialS_Orig_S_1.wav,submarine,SAH2,0.18140589569161
2453_sugar_sh_initialSH_Orig_SHUH1_1.wav,sugar,SHUH1,0.2782312925170068
2453_sugar_sh_initialSH_Orig_SH_1.wav,sugar,SHUH1,0.1882312925170068
2453_sunroof_s_initialS_Orig_SAH1_1.wav,sunroof,SAH1,0.27931972789115644
2453_sunroof_s_initialS_Orig_S_1.wav,sunroof,SAH1,0.15693877551020408
2453_surfboard_s_initialS_Orig_SER1_1.wav,surfboard,SER1,0.2993877551020408
2453_surfboard_s_initialS_Orig_S_1.wav,surfboard,SER1,0.17242630385487528
2453_syrup_s_initialS_Orig_SIH1_1.wav,syrup,SIH1,0.29219954648526075
2453_syrup_s_initialS_Orig_S_1.wav,syrup,SIH1,0.2021995464852608
2470_Shane_sh_medialSH_FromMS_SHEY1_1.wav,Shane,SHEY1,0.3707256235827665
2470_Shane_sh_medialSH_FromMS_SH_1.wav,Shane,SHEY1,0.13281179138321997
2470_ceiling_s_initialS_Orig_SIY1_1.wav,ceiling,SIY1,0.2727437641723356
2470_ceiling_s_initialS_Orig_S_1.wav,ceiling,SIY1,0.17936507936507937
2470_cement_s_initialS_Orig_SAH0_1.wav,cement,SAH0,0.20682539682539683
2470_cement_s_initialS_Orig_S_1.wav,cement,SAH0,0.1953968253968254
2470_cemetery_s_initialS_Orig_SEH1_1.wav,cemetery,SEH1,0.2329705215419501
2470_cemetery_s_initialS_Orig_S_1.wav,cemetery,SEH1,0.1629251700680272
2470_ceremony_s_initialS_Orig_SEH1_1.wav,ceremony,SEH1,0.25802721088435376
2470_ceremony_s_initialS_Orig_S_1.wav,ceremony,SEH1,0.16802721088435374
2470_chandelier_sh_initialSH_Orig_SHAE0_1.wav,chandelier,SHAE0,0.18551020408163263
2470_chandelier_sh_initialSH_Orig_SH_1.wav,chandelier,SHAE0,0.10435374149659864
2470_chaperone_sh_initialSH_Orig_SHAE1_1.wav,chaperone,SHAE1,0.2282766439909297
2470_chaperone_sh_initialSH_Orig_SH_1.wav,chaperone,SHAE1,0.1082766439909297
2470_charade_sh_initialSH_Orig_SHER0_1.wav,charade,SHER0,0.30736961451247163
2470_charade_sh_initialSH_Orig_SH_1.wav,charade,SHER0,0.15020408163265306
2470_charlatan_sh_initialSH_Orig_SHAA1_1.wav,charlatan,SHAA1,0.1853514739229025
2470_charlatan_sh_initialSH_Orig_SH_1.wav,charlatan,SHAA1,0.13258503401360544
2470_chivalry_sh_initialSH_Orig_SHIH1_1.wav,chivalry,SHIH1,0.20138321995464853
2470_chivalry_sh_initialSH_Orig_SH_1.wav,chivalry,SHIH1,0.12693877551020408
2470_saddle_s_initialS_Orig_SAE1_1.wav,saddle,SAE1,0.27276643990929705
2470_saddle_s_initialS_Orig_S_1.wav,saddle,SAE1,0.1318140589569161
2470_sailboat_s_initialS_Orig_SEY1_1.wav,sailboat,SEY1,0.3183219954648526
2470_sailboat_s_initialS_Orig_S_1.wav,sailboat,SEY1,0.16099773242630386
2470_salmon_s_initialS_Orig_SAE1_1.wav,salmon,SAE1,0.2533786848072562
2470_salmon_s_initialS_Orig_S_1.wav,salmon,SAE1,0.11947845804988662
2470_sane_s_medialS_FromMS_SEY1_1.wav,sane,SEY1,0.435124716553288
2470_sane_s_medialS_FromMS_S_1.wav,sane,SEY1,0.1907936507936508
2470_satellite_s_initialS_Orig_SAE1_1.wav,satellite,SAE1,0.2490702947845805
2470_satellite_s_initialS_Orig_S_1.wav,satellite,SAE1,0.13675736961451246
2470_sauna_s_initialS_Orig_SAO1_1.wav,sauna,SAO1,0.34959183673469385
2470_sauna_s_initialS_Orig_S_1.wav,sauna,SAO1,0.18623582766439908
2470_sector_s_initialS_Orig_SEH1_1.wav,sector,SEH1,0.254172335600907
2470_sector_s_initialS_Orig_S_1.wav,sector,SEH1,0.15968253968253968
2470_seedling_s_initialS_Orig_SIY1_1.wav,seedling,SIY1,0.3735374149659864
2470_seedling_s_initialS_Orig_S_1.wav,seedling,SIY1,0.2260090702947846
2470_seem_s_medialS_FromMS_SIY1_1.wav,seem,SIY1,0.5174149659863946
2470_seem_s_medialS_FromMS_S_1.wav,seem,SIY1,0.2256009070294785
2470_seminar_s_initialS_Orig_SEH1_1.wav,seminar,SEH1,0.1976190476190476
2470_seminar_s_initialS_Orig_S_1.wav,seminar,SEH1,0.11761904761904762
2470_settlement_s_initialS_Orig_SEH1_1.wav,settlement,SEH1,0.2388888888888889
2470_settlement_s_initialS_Orig_S_1.wav,settlement,SEH1,0.1554875283446712
2470_shadow_sh_initialSH_Orig_SHAE1_1.wav,shadow,SHAE1,0.2649886621315193
2470_shadow_sh_initialSH_Orig_SH_1.wav,shadow,SHAE1,0.1335374149659864
2470_shady_sh_initialSH_Orig_SHEY1_1.wav,shady,SHEY1,0.3184353741496599
2470_shady_sh_initialSH_Orig_SH_1.wav,shady,SHEY1,0.15913832199546485
2470_shampoo_sh_initialSH_Orig_SHAE0_1.wav,shampoo,SHAE0,0.19909297052154196
2470_shampoo_sh_initialSH_Orig_SH_1.wav,shampoo,SHAE0,0.1246485260770975
2470_shareholder_sh_initialSH_Orig_SHEH1_1.wav,shareholder,SHEH1,0.26258503401360545
2470_shareholder_sh_initialSH_Orig_SH_1.wav,shareholder,SHEH1,0.13512471655328798
2470_sheep_sh_medialSH_FromMS_SHIY1_1.wav,sheep,SHIY1,0.34480725623582764
2470_sheep_sh_medialSH_FromMS_SH_1.wav,sheep,SHIY1,0.18444444444444444
2470_shelter_sh_initialSH_Orig_SHEH1_1.wav,shelter,SHEH1,0.2038321995464853
2470_shelter_sh_initialSH_Orig_SH_1.wav,shelter,SHEH1,0.15709750566893424
2470_shindig_sh_initialSH_Orig_SHIH1_1.wav,shindig,SHIH1,0.29229024943310655
2470_shindig_sh_initialSH_Orig_SH_1.wav,shindig,SHIH1,0.1719047619047619
2470_shiny_sh_initialSH_Orig_SHAY1_1.wav,shiny,SHAY1,0.2822222222222222
2470_shiny_sh_initialSH_Orig_SH_1.wav,shiny,SHAY1,0.12639455782312925
2470_shipment_sh_initialSH_Orig_SHIH1_1.wav,shipment,SHIH1,0.27712018140589567
2470_shipment_sh_initialSH_Orig_SH_1.wav,shipment,SHIH1,0.16721088435374148
2470_shoplifter_sh_initialSH_Orig_SHAA1_1.wav,shoplifter,SHAA1,0.25814058956916097
2470_shoplifter_sh_initialSH_Orig_SH_1.wav,shoplifter,SHAA1,0.14430839002267573
2470_shortcut_sh_initialSH_Orig_SHAO1_1.wav,shortcut,SHAO1,0.22192743764172335
2470_shortcut_sh_initialSH_Orig_SH_1.wav,shortcut,SHAO1,0.1657142857142857
2470_shoulder_sh_initialSH_Orig_SHOW1_1.wav,shoulder,SHOW1,0.255827664399093
2470_shoulder_sh_initialSH_Orig_SH_1.wav,shoulder,SHOW1,0.14759637188208616
2470_shovel_sh_initialSH_Orig_SHAH1_1.wav,shovel,SHAH1,0.211859410430839
2470_shovel_sh_initialSH_Orig_SH_1.wav,shovel,SHAH1,0.10666666666666667
2470_show_sh_medialSH_FromMS_SHOW1_1.wav,show,SHOW1,0.7477324263038548
2470_show_sh_medialSH_FromMS_SH_1.wav,show,SHOW1,0.1729705215419501
2470_shudder_sh_initialSH_Orig_SHAH1_1.wav,shudder,SHAH1,0.2578458049886621
2470_shudder_sh_initialSH_Orig_SH_1.wav,shudder,SHAH1,0.1675283446712018
2470_shuffle_sh_initialSH_Orig_SHAH1_1.wav,shuffle,SHAH1,0.26988662131519275
2470_shuffle_sh_initialSH_Orig_SH_1.wav,shuffle,SHAH1,0.1744671201814059
2470_sidewalk_s_initialS_Orig_SAY1_1.wav,sidewalk,SAY1,0.2498866213151927
2470_sidewalk_s_initialS_Orig_S_1.wav,sidewalk,SAY1,0.1138095238095238
2470_silver_s_initialS_Orig_SIH1_1.wav,silver,SIH1,0.2153968253968254
2470_silver_s_initialS_Orig_S_1.wav,silver,SIH1,0.1387981859410431
2470_soak_s_medialS_FromMS_SOW1_1.wav,soak,SOW1,0.33920634920634923
2470_soak_s_medialS_FromMS_S_1.wav,soak,SOW1,0.17174603174603176
2470_socket_s_initialS_Orig_SAA1_1.wav,socket,SAA1,0.2814965986394558
2470_socket_s_initialS_Orig_S_1.wav,socket,SAA1,0.15854875283446712
2470_submarine_s_initialS_Orig_SAH2_1.wav,submarine,SAH2,0.26954648526077096
2470_submarine_s_initialS_Orig_S_1.wav,submarine,SAH2,0.17156462585034013
2470_sugar_sh_initialSH_Orig_SHUH1_1.wav,sugar,SHUH1,0.2702267573696145
2470_sugar_sh_initialSH_Orig_SH_1.wav,sugar,SHUH1,0.1718140589569161
2470_sunroof_s_initialS_Orig_SAH1_1.wav,sunroof,SAH1,0.24859410430839
2470_sunroof_s_initialS_Orig_S_1.wav,sunroof,SAH1,0.1653968253968254
2470_surfboard_s_initialS_Orig_SER1_1.wav,surfboard,SER1,0.2591156462585034
2470_surfboard_s_initialS_Orig_S_1.wav,surfboard,SER1,0.141156462585034
2470_syrup_s_initialS_Orig_SIH1_1.wav,syrup,SIH1,0.3701814058956916
2470_syrup_s_initialS_Orig_S_1.wav,syrup,SIH1,0.2724489795918367
2471_Shane_sh_medialSH_FromMS_SHEY1_1.wav,Shane,SHEY1,0.3840816326530612
2471_Shane_sh_medialSH_FromMS_SH_1.wav,Shane,SHEY1,0.16791383219954648
2471_ceiling_s_initialS_Orig_SIY1_1.wav,ceiling,SIY1,0.34528344671201816
2471_ceiling_s_initialS_Orig_S_1.wav,ceiling,SIY1,0.19528344671201817
2471_cement_s_initialS_Orig_SAH0_1.wav,cement,SAH0,0.20453514739229023
2471_cement_s_initialS_Orig_S_1.wav,cement,SAH0,0.16480725623582768
2471_cemetery_s_initialS_Orig_SEH1_1.wav,cemetery,SEH1,0.2345124716553288
2471_cemetery_s_initialS_Orig_S_1.wav,cemetery,SEH1,0.17061224489795918
2471_ceremony_s_initialS_Orig_SEH1_1.wav,ceremony,SEH1,0.27414965986394557
2471_ceremony_s_initialS_Orig_S_1.wav,ceremony,SEH1,0.20825396825396825
2471_chandelier_sh_initialSH_Orig_SHAE0_1.wav,chandelier,SHAE0,0.3063265306122449
2471_chandelier_sh_initialSH_Orig_SH_1.wav,chandelier,SHAE0,0.17342403628117914
2471_chaperone_sh_initialSH_Orig_SHAE1_1.wav,chaperone,SHAE1,0.29
2471_chaperone_sh_initialSH_Orig_SH_1.wav,chaperone,SHAE1,0.18820861678004536
2471_charade_sh_initialSH_Orig_SHER0_1.wav,charade,SHER0,0.38
2471_charade_sh_initialSH_Orig_SH_1.wav,charade,SHER0,0.1827437641723356
2471_charlatan_sh_initialSH_Orig_SHAA1_1.wav,charlatan,SHAA1,0.32
2471_charlatan_sh_initialSH_Orig_SH_1.wav,charlatan,SHAA1,0.22138321995464852
2471_chivalry_sh_initialSH_Orig_SHIH1_1.wav,chivalry,SHIH1,0.2418820861678005
2471_chivalry_sh_initialSH_Orig_SH_1.wav,chivalry,SHIH1,0.17188208616780046
2471_saddle_s_initialS_Orig_SAE1_1.wav,saddle,SAE1,0.33668934240362813
2471_saddle_s_initialS_Orig_S_1.wav,saddle,SAE1,0.17988662131519276
2471_sailboat_s_initialS_Orig_SEY1_1.wav,sailboat,SEY1,0.28723356009070294
2471_sailboat_s_initialS_Orig_S_1.wav,sailboat,SEY1,0.17333333333333334
2471_salmon_s_initialS_Orig_SAE1_1.wav,salmon,SAE1,0.27401360544217684
2471_salmon_s_initialS_Orig_S_1.wav,salmon,SAE1,0.12331065759637189
2471_sane_s_medialS_FromMS_SEY1_1.wav,sane,SEY1,0.3947165532879819
2471_sane_s_medialS_FromMS_S_1.wav,sane,SEY1,0.17047619047619048
2471_satellite_s_initialS_Orig_SAE1_1.wav,satellite,SAE1,0.3381859410430839
2471_satellite_s_initialS_Orig_S_1.wav,satellite,SAE1,0.1865532879818594
2471_sauna_s_initialS_Orig_SAO1_1.wav,sauna,SAO1,0.37482993197278913
2471_sauna_s_initialS_Orig_S_1.wav,sauna,SAO1,0.18528344671201813
2471_sector_s_initialS_Orig_SEH1_1.wav,sector,SEH1,0.2756689342403628
2471_sector_s_initialS_Orig_S_1.wav,sector,SEH1,0.1790249433106576
2471_seedling_s_initialS_Orig_SIY1_1.wav,seedling,SIY1,0.28049886621315195
2471_seedling_s_initialS_Orig_S_1.wav,seedling,SIY1,0.16625850340136056
2471_seem_s_medialS_FromMS_SIY1_1.wav,seem,SIY1,0.37666666666666665
2471_seem_s_medialS_FromMS_S_1.wav,seem,SIY1,0.1887755102040816
2471_seminar_s_initialS_Orig_SEH1_1.wav,seminar,SEH1,0.26117913832199546
2471_seminar_s_initialS_Orig_S_1.wav,seminar,SEH1,0.2038321995464853
2471_settlement_s_initialS_Orig_SEH1_1.wav,settlement,SEH1,0.2750566893424036
2471_settlement_s_initialS_Orig_S_1.wav,settlement,SEH1,0.19142857142857145
2471_shadow_sh_initialSH_Orig_SHAE1_1.wav,shadow,SHAE1,0.3163718820861678
2471_shadow_sh_initialSH_Orig_SH_1.wav,shadow,SHAE1,0.1684580498866213
2471_shady_sh_initialSH_Orig_SHEY1_1.wav,shady,SHEY1,0.34791383219954647
2471_shady_sh_initialSH_Orig_SH_1.wav,shady,SHEY1,0.18972789115646255
2471_shampoo_sh_initialSH_Orig_SHAE0_1.wav,shampoo,SHAE0,0.2539002267573696
2471_shampoo_sh_initialSH_Orig_SH_1.wav,shampoo,SHAE0,0.15197278911564627
2471_shareholder_sh_initialSH_Orig_SHEH1_1.wav,shareholder,SHEH1,0.2580952380952381
2471_shareholder_sh_initialSH_Orig_SH_1.wav,shareholder,SHEH1,0.1580952380952381
2471_sheep_sh_medialSH_FromMS_SHIY1_1.wav,sheep,SHIY1,0.3322222222222222
2471_sheep_sh_medialSH_FromMS_SH_1.wav,sheep,SHIY1,0.17988662131519276
2471_shelter_sh_initialSH_Orig_SHEH1_1.wav,shelter,SHEH1,0.21922902494331065
2471_shelter_sh_initialSH_Orig_SH_1.wav,shelter,SHEH1,0.1360544217687075
2471_shindig_sh_initialSH_Orig_SHIH1_1.wav,shindig,SHIH1,0.27512471655328796
2471_shindig_sh_initialSH_Orig_SH_1.wav,shindig,SHIH1,0.1626530612244898
2471_shiny_sh_initialSH_Orig_SHAY1_1.wav,shiny,SHAY1,0.3026530612244898
2471_shiny_sh_initialSH_Orig_SH_1.wav,shiny,SHAY1,0.1465079365079365
2471_shipment_sh_initialSH_Orig_SHIH1_1.wav,shipment,SHIH1,0.26467120181405895
2471_shipment_sh_initialSH_Orig_SH_1.wav,shipment,SHIH1,0.17591836734693878
2471_shoplifter_sh_initialSH_Orig_SHAA1_1.wav,shoplifter,SHAA1,0.2748979591836735
2471_shoplifter_sh_initialSH_Orig_SH_1.wav,shoplifter,SHAA1,0.15693877551020408
2471_shortcut_sh_initialSH_Orig_SHAO1_1.wav,shortcut,SHAO1,0.20240362811791385
2471_shortcut_sh_initialSH_Orig_SH_1.wav,shortcut,SHAO1,0.13997732426303855
2471_shoulder_sh_initialSH_Orig_SHOW1_1.wav,shoulder,SHOW1,0.23240362811791385
2471_shoulder_sh_initialSH_Orig_SH_1.wav,shoulder,SHOW1,0.14671201814058957
2471_shovel_sh_initialSH_Orig_SHAH1_1.wav,shovel,SHAH1,0.29281179138321994
2471_shovel_sh_initialSH_Orig_SH_1.wav,shovel,SHAH1,0.16122448979591836
2471_show_sh_medialSH_FromMS_SHOW1_1.wav,show,SHOW1,0.4858956916099773
2471_show_sh_medialSH_FromMS_SH_1.wav,show,SHOW1,0.18156462585034017
2471_shudder_sh_initialSH_Orig_SHAH1_1.wav,shudder,SHAH1,0.31
2471_shudder_sh_initialSH_Orig_SH_1.wav,shudder,SHAH1,0.18356009070294785
2471_shuffle_sh_initialSH_Orig_SHAH1_1.wav,shuffle,SHAH1,0.2872562358276644
2471_shuffle_sh_initialSH_Orig_SH_1.wav,shuffle,SHAH1,0.17462585034013606
2471_sidewalk_s_initialS_Orig_SAY1_1.wav,sidewalk,SAY1,0.29569160997732424
2471_sidewalk_s_initialS_Orig_S_1.wav,sidewalk,SAY1,0.1688888888888889
2471_silver_s_initialS_Orig_SIH1_1.wav,silver,SIH1,0.24410430839002267
2471_silver_s_initialS_Orig_S_1.wav,silver,SIH1,0.16947845804988662
2471_soak_s_medialS_FromMS_SOW1_1.wav,soak,SOW1,0.3576417233560091
2471_soak_s_medialS_FromMS_S_1.wav,soak,SOW1,0.18741496598639457
2471_socket_s_initialS_Orig_SAA1_1.wav,socket,SAA1,0.3619501133786848
2471_socket_s_initialS_Orig_S_1.wav,socket,SAA1,0.2019501133786848
2471_submarine_s_initialS_Orig_SAH2_1.wav,submarine,SAH2,0.2696598639455782
2471_submarine_s_initialS_Orig_S_1.wav,submarine,SAH2,0.17965986394557823
2471_sugar_sh_initialSH_Orig_SHUH1_1.wav,sugar,SHUH1,0.283968253968254
2471_sugar_sh_initialSH_Orig_SH_1.wav,sugar,SHUH1,0.16036281179138323
2471_sunroof_s_initialS_Orig_SAH1_1.wav,sunroof,SAH1,0.25430839002267575
2471_sunroof_s_initialS_Orig_S_1.wav,sunroof,SAH1,0.14160997732426303
2471_surfboard_s_initialS_Orig_SER1_1.wav,surfboard,SER1,0.24149659863945577
2471_surfboard_s_initialS_Orig_S_1.wav,surfboard,SER1,0.13693877551020409
2471_syrup_s_initialS_Orig_SER1_1.wav,syrup,SER1,0.36514739229024945
2471_syrup_s_initialS_Orig_S_1.wav,syrup,SIH1,0.1867120181405896
