sonaID,EnglishDominant,EnglishNative,languagelist,AofExposure,Gender,Age,SLH,GENDER,EN_AOA
29191,Yes,No,"English, Mandarin, Japanese, Korean, German","0, 0, 9, 16, 16",Female,22,No,female,0
38770,Yes,Yes,"South Vietnamese, French, Cantonese, Spanish, Japanese, Italian","0, 12, 0, 17, 15, 19",Female,20,No,female,-1
38776,No,No,"English, Korean, Japanese","0, 15, 16",Male,33,No,male,0
36016,Yes,Yes,"English, Filipino, Spanish","0, 6, 15",Female,19,No,female,0
38785,Yes,Yes,"English, Punjabi, Hindi, French","0, 0, 0, 12",male,19,No,male,0
38788,Yes,Yes,"English - native speaker, French - educational, Mandarin - educational","0, 5, 5",Female,25,No,female,0
38791,Yes,Yes,"English, Hindi, Telugu, Spanish, Korean","0, 9, 0, 15, 15",woman,18,No,female,0
32971,Yes,No,"Malayalam, Hindi, English, Tamil, Urdu","0, 5, 0, 0, 12",Female,19,No,female,0
32617,Yes,Yes,"English, Spanish, French, Arabic","3, 1, 6, 1",woman,19,No,female,3
35815,Yes,Yes,"English, Bangla, Spanish, Hindi","0, 0, 12, 4",Woman,18,No,female,0
35662,Yes,Yes,"English, French, Tagalog","0, 5, 0",female,18,No,female,0
38779,Yes,Yes,English,0,Man,20,No,male,0
32095,Yes,Yes,"English, German, French","0, 19, 10",Female,19,No,female,0
38764,Yes,No,"Telugu, English, Hindi, French, Tamil","0, 3, 9, 18, 3",Female,23,No,female,3
38797,Yes,Yes,"English, Punjabi, Hindi","0, 0, 0",Female,18,No,female,0
24997,Yes,Yes,"English, Korean, French, Mandarin","5, 0, 9, 21",Non-binary,21,No,non-binary,5
38800,Yes,No,"English, Tibetan, Hindi, Nepali, French, Urdu","0, 0, 0, 0, 0, 0",woman,19,No,female,0
38803,No,No,"Korean, Japanese, French","0, 10, 13",Female,19,No,female,-1
38806,Yes,No,"English, Mandarin, Cantonese, French, Japanese, Thai","0, 0, 0, 12, 15, 16",female,19,No,female,0
38812,Yes,Yes,"English, French","0, 6",female,19,No,female,0
35341,Yes,Yes,"English, Afrikaans, French, Latin","0, 0, 14, 19",female,20,No,female,0
35119,Yes,Yes,"English, Spanish, Portuguese, French","0, 0, 3, 5",Female,18,No,female,0
35539,Yes,Yes,"english, punjabi, hindi","0, 0, 12",female,18,No,female,0
22771,Yes,Yes,"English, Taiwanese Mandarin, Japanese, Cantonese, French, Taiwanese Hokkien","0, 0, 13, 0, 9, 0",Female,23,No,female,0
38818,Yes,No,"British English, Mandarin, French, Cantonese, American English, Japanese","3, 1, 8, 4, 3, 9",Male,20,No,male,3
36514,No,No,"Cantonese, Mandarin, English, Russian, Korean, Spanish","0, 4, 1, 18, 16, 12",Male,18,No,male,1
35332,Yes,Yes,"English, French, Spanish, Japanese","0, 9, 15, 16",Female,19,No,female,0
34198,Yes,Yes,English,0,Male,25,No,male,0
35620,Yes,No,"Japanese, Mandarin, English, French","0, 6, 6, 20",Female,23,No,female,6
33325,Yes,Yes,"English, Punjabi","1, 1",Female,20,No,female,1
38782,Yes,Yes,"English, Hindi, French","0, 0, 12",Male,22,No,male,0
38821,Yes,Yes,"English, Cantonese, Mandarin, Hokkien, Hakka","0, 0, 0, 0, 0",Male,20,No,male,0
37531,Yes,Yes,English,0,Male,22,No,male,0
35068,Yes,Yes,"English, Vietnamese, Mandarin, French, Bulgarian, Latin","0, 0, 0, 12, 17, 19",Nonbinary,19,No,non-binary,0
38827,Yes,Yes,English,0,Male,21,No,male,0
38830,Yes,Yes,"French, Cantonese","10, 19",Male,21,No,male,-1
30211,No,Yes,"English, French, Korean, Thai, Spanish","0, 5, 19, 18, 16",Female,20,No,female,0
38824,No,Yes,"English, Indonesian, Mandarin, Japanese","0, 0, 5, 12",Female,21,No,female,0
32833,Yes,Yes,"English, Korean, French, German","0, 0, 6, 12",Female,22,No,female,0
38833,Yes,No,"English, Korean, Japanese","2, 0, 19",female,24,No,female,2
38836,Yes,Yes,"English, Taiwanese Mandarin, Taiwanese, French, Spanish, Hokkien","0, 0, 0, 5, 14, 0",girl,18,No,female,0
38845,Yes,Yes,"ENGLISH, FARSI, KOREAN, FRENCH, GERMAN","0, 0, 10, 11, 19",CIS FEMALE,23,No,female,0
38815,Yes,Yes,"Punjabi, English, Hindi, Spanish, French","0, 0, 0, 14, 9",Female,21,No,female,0
35512,No,No,"Mandarin, English","0, 6",female,18,No,female,6
38848,Yes,Yes,"English, Mandarin, French, Tagalog","0, 16, 5, 0",Female,19,No,female,0
38851,No,No,"English, Tagalog","4, 0",Female,25,No,female,4
31981,Yes,Yes,"English, Tagalog, French","0, 7, 13",Female,20,No,female,0
35023,Yes,Yes,"Cantonese, English, Mandarin, Japanese, Korean","0, 0, 0, 0, 0",female,20,No,female,0
38854,Yes,Yes,"Mandarin, English, Korean, Japanese","0, 0, 0, 0",Female,21,No,female,0
38857,Yes,Yes,"English, Mandarin Chinese","3, 0",Female,18,No,female,3
38860,Yes,Yes,"English, Tamil, French, Spanish, Hindi, Korean","0, 0, 6, 7, 10, 12",Female,18,No,female,0
38863,Yes,Yes,"English, French","0, 5",Female / indifferent,19,No,female,0
16264,Yes,No,"English, Russian","7, 0",female,24,No,female,7
32782,Yes,Yes,"English, French","0, 12",female,19,No,female,0
33271,Yes,Yes,"English, Spanish, French","0, 13, 18",Female,20,No,female,0
38866,Yes,Yes,"English, Vietnamese, French, Mandarin","0, 0, 10, 18",Male,19,No,male,0
36262,No,Yes,"english, chinese","0, 0",woman,20,No,female,0
38869,Yes,Yes,"English, Mandarin, French, Spanish, Cantonese, Taiwanese/Hokkien, Hakka","0, 0, 8, 13, 0, 0, 6",Female,18,No,female,0
38875,Yes,Yes,"English (fluent), French (fluent), Spanish (strong working knowledge), Japanese (a few courses), Italian (a few courses and travel exposure), Swedish (a few courses), Greek (one level of a course), Portuguese (one level of a course)","0, 0, 0, 0, 0, 0, 0, 0",female,40,No,female,0
33940,No,No,"English, Korean, Mandarin, French, Spanish","4, 1, 13, 11, 9",Female,19,No,female,4
38809,No,No,"Mandarin(educational), English(educational), Korean(educational), Cantonese(educational)","0, 6, 17, 17",female,18,No,female,6
38878,No,No,"English, Chinese, Italian","7, 1, 16",female,18,No,female,7
37882,Yes,Yes,"Cantonese, English, Japanese, French","0, 7, 11, 10",Female,18,No,female,7
38872,Yes,Yes,"English, Punjabi, French","0, 0, 11",Male/Man,25,No,male,0
38881,Yes,Yes,"English, Spanish, French, Russian","0, 16, 9, 14",Male,20,No,male,0
38884,Yes,Yes,"English, French","0, 7",Male,22,No,male,0
38893,No,No,"Spanish, English, French","0, 5, 11",Female,18,No,female,5
38896,Yes,Yes,English,0,Female,41,No,female,0
38971,Yes,Yes,"English, Spanish","0, 13",Female,20,No,female,0
38935,Yes,Yes,"English, Spanish","0, 16",female,22,No,female,0
38905,Yes,No,"Mandarin, Korean, French","0, 20, 13",Female,23,No,female,-1
38998,Yes,Yes,English,0,Male,34,No,male,0
38959,Yes,Yes,Canadian English,0,Male,20,No,male,0
38989,Yes,Yes,"English, French","0, 8",Female,18,No,female,0
38926,Yes,Yes,"English, Punjabi, French, Italian","0, 0, 12, 18",FEMALE,21,No,female,0
38929,Yes,Yes,"English, French, Spanish","0, 0, 15",Female,18,No,female,0
38947,No,No,English,0,Female,21,No,female,0
38917,Yes,Yes,"Canadian English, Canadian French, European French, Norwegian (Bokmal), Spanish, Russian","0, 0, 0, 22, 13, 14",Male,24,No,male,0
38980,Yes,Yes,"English, Cantonese, Mandarin","0, 0, 0",women,21,No,female,0
38953,Yes,Yes,"Mandarin, Taiwanese (Hokkien), French","0, 0, 10",female,18,No,female,-1
38986,Yes,Yes,Korean,0,Woman,21,No,female,-1
38977,Yes,No,"English, French, Malayalam, Hindi, Arabic","0, 6, 0, 4, 6",Male,22,No,male,0
38974,No,No,"Manrdarin, Shanghainese, English","0, 0, 7",female,21,No,female,7
39016,Yes,Yes,"English, Japanese, Spanish","0, 0, 5",female,18,No,female,0
39004,Yes,Yes,"English, French, Spanish, Cantonese","0, 9, 18, 0",Female,19,No,female,0
39010,Yes,No,"English, French, Spanish","3, 0, 14",Woman,18,No,female,3
39007,Yes,No,"Cantonese, Mandarin, English, Japanese, Hakka","0, 1, 4, 21, 0",cisgender female,25,No,female,4
38995,No,No,"English, Bangla, Hindi, Urdu, Arabic","3, 0, 6, 6, 6",Male,23,No,male,3
38902,Yes,Yes,"English, Cantonese","0, 0",Female,19,No,female,0
38932,Yes,Yes,"Korean, Spanish, French, Chinese","0, 14, 10, 8",Female,18,No,female,-1
38992,No,No,"Japanese, English, French, Mandarin, Spanish, German","0, 6, 6, 19, 17, 21",Female,23,No,female,6
38911,Yes,No,"Mandarin, English, French, Spanish","0, 0, 9, 15",Male,20,No,male,0
39022,Yes,No,"English, Hindi, Urdu, French, Spanish","0, 0, 0, 15, 15",Male,18,No,male,0
38962,Yes,Yes,"English, Mandarin, French, Japanese","0, 0, 6, 12",Non-binary,20,No,non-binary,0
39025,Yes,Yes,"English, Mandarin, Amoy (Xiamen) Dialect","5, 0, 0",female,18,No,female,5
38914,Yes,Yes,"English (Canadian), French (Canadian)","0, 4",Male,21,No,male,0
39001,No,Yes,"Japanese, Burmese, English","4, 0, 8",Female,21,No,female,8
37423,Yes,Yes,"English, French, German, Tagalog, Pangasinan, Spanish","0, 10, 18, 0, 0, 0",Woman,18,No,female,0
38950,Yes,No,"Egyptian Arabic, English","2, 3",Female,20,No,female,3
39028,Yes,Yes,"English, French, Italian, Punjabi, Mandarin","0, 12, 15, 17, 9",female,20,No,female,0
39019,Yes,Yes,"English, French, Spanish","0, 7, 0",Male,18,No,male,0
39031,Yes,Yes,"English, Vietnamese, French","0, 0, 13",Male,22,No,male,0
38944,No,No,"Mandarin, Japanese, English","0, 0, 0",Male,19,No,male,0
35827,Yes,No,"English, Hindi, Spanish, Gujarati, Marathi","0, 0, 11, 0, 0",Cis she/her,19,No,female,0
36385,Yes,Yes,"English, Arabic","0, 0",Female,19,No,female,0
39034,Yes,Yes,"English, Urdu, Punjabi, Arabic, Spansih, French","0, 0, 0, 6, 14, 12",Male,20,No,male,0
35260,Yes,Yes,"English, Dari, French, Hindi","3, 0, 10, 7",woman,18,No,female,3
38983,Yes,Yes,"English, Mandarin, French","7, 0, 12",female,21,No,female,7
24301,Yes,Yes,"Canadian English, Cantonese, Mandarin","3, 3, 7",Male,22,No,male,3
39037,Yes,Yes,"English, French","0, 12",Male,30,No,male,0
38908,Yes,Yes,"English, Punjabi","0, 0",female,19,No,female,0
39040,Yes,Yes,English,0,Female,20,No,female,0
38941,Yes,Yes,"English, French, Japanese, Cantonese","0, 5, 18, 0",Trans-masculine,19,No,male,0
39043,Yes,Yes,"English, Mandarin, French","0, 5, 8",Male,20,No,male,0
39046,No,No,"Japanese, English","0, 10",male,21,No,male,10
39049,Yes,Yes,"english, mandarin, french","0, 0, 13",woman,21,No,female,0
39052,Yes,No,"English, Punjabi, Hindi, French","4, 1, 1, 10",Male,20,No,male,4
30424,No,No,"German, English, Spanish, Romanian, Dutch, Italian",,,,No,other,-1
27988,Yes,Yes,"Hungarian, English, French, Japanese, German, Latin","0, 2, 5, 18, 14, 15",male,21,No,male,2
39058,Yes,Yes,"English, Punjabi, Hindi, French","0, 0, 0, 9",male,23,No,male,0
38899,No,No,"Hindi, English","0, 0",male,19,No,male,0
39061,Yes,Yes,"French, Polish, Arabic","10, 1, 19",Female,21,No,female,-1
39064,Yes,Yes,"English, Punjabi, Hindi","5, 0, 0",female,18,No,female,5
38923,No,No,"Cantonese, Mandarin, English, Japanese","0, 0, 8, 18",female,22,No,female,8
39070,Yes,Yes,"Arabic, French, Italian, English","0, 10, 19, 0",Female,19,No,female,0
39067,Yes,Yes,"English, Gujarati, Hindi, Urdu, French, Arabic","2, 0, 4, 4, 8, 5",Female,21,No,female,2
39073,No,No,"Mandarin, English, Japanese","0, 0, 8",Female,19,No,female,0
39055,No,No,"Cantonese, mandarin","0, 0",female,23,No,female,-1
39079,Yes,Yes,"English, Vietnamese, French","5, 0, 10",Female,20,No,female,5
39082,Yes,Yes,"English, Vietnamese, French","4, 0, 11",Male,18,No,male,4
39097,No,No,"Cantonese, Mandarin, English","1, 7, 3",Male,19,No,male,3
39100,Yes,No,"English, Urdu, French, Hindi, Latin, Arabic","0, 0, 11, 5, 15, 5",male,21,No,male,0
33925,Yes,Yes,"English, French, German, Spanish","0, 5, 14, 12",male,21,"Yes, please specify the disorder or disability:",male,0
35794,Yes,No,"English, Vietnamese, Spanish","6, 3, 16",Male,19,No,male,6
39103,Yes,Yes,"English, Mandarin, Cantonese","0, 4, 4",Male,20,No,male,0
34987,Yes,Yes,"English, European French","0, 7",female,24,No,female,0
37123,Yes,Yes,"English, Sinhala, Japanese, Korean, French","0, 3, 15, 19, 10",Female,19,No,female,0
39106,Yes,No,"English, Spanish, French, Italian","8, 0, 6, 0",Female,21,No,female,8
32884,Yes,No,"Arabic, Turkish","0, 13",Female,21,No,female,-1
35494,No,No,"English, French, Mandarin, Korean","0, 8, 0, 16",Male,18,No,male,0
39076,Yes,Yes,English,0,Male,23,No,male,0
31531,Yes,Yes,"English, Standard Mandarin, Shanghainese, Cantonese, Southern Min (Hokkien), Puxian Min (Hinghwa)","2, 0, 7, 2, 3, 0","Male, Non-Binary",19,No,male,2
39112,Yes,Yes,"Bulgarian, Spanish, French, English","0, 16, 14, 6",Female,21,No,female,6
39088,Yes,Yes,"English, American Sign Language- learned in school. little real world experience since. no longer proficient, Lithuanian - experience, not proficient","0, 0, 0",Female,30,No,female,0
39118,Yes,Yes,"English (fluent) (primary), Punjabi (language at home) (intermediate) (self study), Spanish (basic) (self study), French (primary) (self study)","0, 0, 13, 9",Female,18,No,female,0
35311,Yes,Yes,"English, Spanish, French","0, 0, 5",Female,19,No,female,0
39124,No,No,"English, Mandarin","6, 0",Male,23,No,male,6
37447,Yes,Yes,"English, Punjabi, Hindi/Urdu, French","0, 0, 0, 10",Female,20,No,female,0
39094,No,No,"Telugu, Hindi, English","0, 5, 3",Male,21,No,male,3
39109,Yes,No,,,,,,other,-1
39130,Yes,No,"Mandarin, Japanese, Esperanto, English, Southern Min, Russian","0, 16, 13, 5, 0, 15",male,19,No,male,5
35221,Yes,Yes,English,0,female,18,No,female,0
39121,Yes,Yes,"English, Mandarin, French, korean","3, 0, 12, 17",Female,21,No,female,3
38794,No,No,"Mandarin, English","0, 10",female,23,,female,10
34219,Yes,Yes,"English, German, French","0, 16, 5",Male,20,No,male,0
39085,Yes,No,"Chinese, English","0, 0",Male,21,No,male,0
39115,Yes,Yes,"French, Spanish, German","8, 14, 15",Female,20,No,female,-1
39139,Yes,Yes,"English, Vietnamese, French, Mandarin","3, 3, 10, 7",female,19,No,female,3
39142,Yes,Yes,"English, Hindi, French","1, 1, 12",female,18,No,female,1
39127,Yes,No,"French, Kannada, Hindi","10, 0, 0",female,19,No,female,-1
39145,Yes,Yes,Egyptian Arabic,0,Male,20,No,male,-1
32413,Yes,Yes,"English, Mandarin, French, Cantonese, Spanish, Japanese, Korean","0, 3, 14, 18, 12, 12, 16",Female,19,No,female,0
35644,Yes,Yes,"English, French","0, 9","non-binary, assigned female at birth",27,No,non-binary,0
39148,No,No,"English (native), Spanish (learned for 2 years in university), American Sign Language (self-study), French (learned in grades 3-9 but mostly forget)","0, 17, 15, 7",Woman,19,No,female,0
37147,Yes,Yes,"English, Korean, Mandarin Chinese","0, 15, 7",Female,21,No,female,0
39151,Yes,Yes,"Canadian English, British English, French, Punjabi","0, 0, 10, 0",female,19,No,female,0
39154,Yes,Yes,"English, Hindi, Gujarati, Kutchi, French","2, 0, 0, 0, 11",Male,21,No,male,2
38041,Yes,No,"English, Arabic, French, Norwegian","7, 1, 12, 13",female,20,No,female,7
27811,Yes,No,"Mandarin, Fujianese","0, 0",Female,21,No,female,-1
39157,Yes,Yes,"English, Mandarin, French","0, 0, 0",female,24,No,female,0
38956,Yes,No,"Gujarati, Hindi, English","0, 7, 7",Male,21,No,male,7
39163,Yes,Yes,"English, French","0, 5",Male,19,No,male,0
39166,Yes,Yes,"Canadian English, Canadian French, Serbian","4, 12, 1",male,19,No,male,4
39169,No,No,"English, Mandarin, French","0, 0, 12",male,19,No,male,0
39172,Yes,Yes,"English, Hindi, French, Spanish","3, 0, 9, 9",Male,25,No,male,3
31384,Yes,No,"Cantonese, English, Mandarin, German, Spanish, Russian","0, 0, 6, 9, 9, 13",Female,22,No,female,0
27175,Yes,Yes,"Cantonese, Tagalog, Filipino, English, Mandarin, Hokkien, Chinese, American Sign Language","0, 0, 0, 0, 0, 18",Female,23,No,female,0
39175,Yes,Yes,"English, Hindi","0, 0",Male,20,No,male,0
39178,Yes,Yes,"English, spanish, French, German, dutch","1, 14, 10, 16, 13",female,18,No,female,1
31873,Yes,Yes,"English, French, Tagalog, Spanish","0, 4, 0, 14",female,21,No,female,0
39181,No,No,"Farsi, English","0, 2",Male,21,No,male,2
39160,No,Yes,"French, English, Moroccan Arabic, Spanish, Classical Arabic","3, 8, 3, 14, 8",Female,18,No,female,8
28552,Yes,No,"Tagalog, English, Korean, Mandarin","0, 3, 13, 13",Female,21,No,female,3
34429,Yes,Yes,"English, French, Punjabi","0, 8, 0",Female,19,No,female,0
35578,Yes,Yes,"English, Cantonese, Mandarin, Japanese","0, 0, 4, 18",female,20,,female,0
39187,No,No,"Filipino, English, Spanish, Japanese","1, 5, 15, 20",Female,23,No,female,5
34714,Yes,Yes,"Arabic, English, French, Japanese, Spanish","0, 0, 0, 0, 0",,,No,other,0
39193,No,No,"Mandarin, English","0, 6",male,19,No,male,6
28678,Yes,Yes,"English, French, Cantonese, Mandarin, Spanish","0, 4, 0, 8, 14",Female,24,No,female,0
39190,No,No,"English, Hindi, Marathi","8, 2, 2",Male,20,No,male,8
38920,No,No,"Manderin, English, Franch, Japanese","0, 6, 19, 14",male,22,No,male,6
32623,Yes,Yes,"English, Mandarin, Cantonese","0, 5, 0",Male,20,No,male,0
31612,No,Yes,"English, French, Spanish","0, 10, 13",Female,23,No,female,0
33793,Yes,Yes,"English, Spanish, French, German","0, 0, 0, 0",Genderfluid,19,No,non-binary,0
39196,No,No,"Mandarin, English, Fuzhounese, French","0, 5, 0, 11",Female,22,No,female,5
35194,Yes,Yes,"English, French, German, Japanese","0, 10, 20, 33",Female,35,No,female,0
36829,No,Yes,"English, French, Japanese","0, 0, 0",female,19,No,female,0
24883,Yes,Yes,Punjabi,0,Male,22,No,male,-1
39220,Yes,Yes,"English, Japanese, Spanish, French, Mandarin","0, 0, 15, 14, 16",female,21,No,female,0
35599,Yes,Yes,"English, French, Japanese","0, 12, 10",Female,20,No,female,0
28276,Yes,Yes,"English, Japanese, French, Dutch, Korean","0, 0, 5, 21, 21",Male,22,No,male,0
39223,Yes,Yes,"English, Spanish","0, 12",Nonbinary,19,No,non-binary,0
37699,Yes,Yes,"English, Urdu, Spanish","0, 0, 4",non-binary,18,No,non-binary,0
39226,Yes,No,"English, Cantonese, Mandarin","4, 0, 5",Male,30,No,male,4
38569,Yes,Yes,"French, English, Mandarin, Arabic, Spanish","5, 0, 22, 0, 14",Male,22,No,male,0
32818,Yes,No,"French, English, Italian, Spanish, Arabic","0, 0, 16, 9, 19",Woman,19,No,female,0
39316,Yes,Yes,English,0,female,18,No,female,0
38443,Yes,Yes,"English, Cantonese, Mandarin, French, Japanese","0, 0, 6, 6, 18",Male,19,No,male,0
39265,No,No,"English, French, Hindi, Arabic","3, 12, 5, 9",Male,20,No,male,3
39346,Yes,Yes,"English, Cantonese, Mandarin, French, Spanish","0, 0, 0, 5, 16",Girl (she/her),18,No,female,0
34972,Yes,Yes,"Mandarin, French, Cantonese","1, 8, 1",Male,20,No,male,-1
39343,Yes,Yes,"English, Cantonese, Mandarin, Japanese","0, 0, 5, 17",Female (pronouns any),19,No,female,0
27121,Yes,Yes,"English, Latin, French, Russian","0, 22, 0, 0",female,29,No,female,0
39271,Yes,Yes,"English, Japanese","0, 9",woman; she/her,20,No,female,0
39337,Yes,Yes,"English, Nepali, French, Hindi, Punjabi, Mandarin","6, 0, 11, 0, 17, 16",Female,30,No,female,6
39352,No,No,"English (Canada), French (Canada)","0, 5",female,17,No,female,0
39286,Yes,Yes,"Polish, English, Korean, Japanese","0, 0, 22, 26",Female,27,No,female,0
34156,Yes,Yes,English,0,Female,21,No,female,0
39361,Yes,Yes,"English, French, Cantonese","0, 0, 0",Female,18,No,female,0
39328,Yes,Yes,"English, French, Cantonese, Mandarin, Spanish","4, 10, 0, 5, 14",Cisgender Female,17,No,female,4
39367,Yes,Yes,"English, French, Korean","0, 4, 18",Male,19,No,male,0
39370,No,Yes,"Mandarin, English, Shanghainese","0, 0, 0",Male He/His/Him,24,No,male,0
39358,Yes,Yes,"English, Mandarin, Japanese, Malay, Korean, Cantonese","0, 6, 0, 6, 20, 6",male,21,No,male,0
31576,Yes,Yes,"English, French, Mandarin, Spanish, Cantonese","0, 3, 15, 19, 0",Female,19,No,female,0
39376,No,No,"Cantonese, Mandarin, English, French, Hakka","1, 1, 6, 19, 1",Female,22,,female,6
32647,Yes,Yes,"English, Spanish, Japanese, Cantonese","0, 14, 19, 0",female,20,No,female,0
35968,Yes,Yes,"English, French, Spanish, Japanese","0, 5, 14, 15",Female,21,No,female,0
31069,Yes,Yes,"English, Punjabi, Hindi, French","0, 0, 0, 0",Women,22,No,female,0
35053,Yes,Yes,"english, mandarin, french","0, 0, 0",femail,19,No,female,0
39277,Yes,No,"Canadian English, Mandarin (China mainland), Cantonese (China mainland), Canadian French, Korean, Japanese","11, 3, 0, 11, 12, 17",Female,18,No,female,11
39334,Yes,Yes,"Fujianese, Mandarin, French","0, 0, 0",Female,20,No,female,-1
39385,Yes,Yes,"English, Danish, German, Greek, Spanish, French","0, 16, 18, 20, 19, 10",Female,64,No,female,0
39241,Yes,Yes,"English, Latin, French, German, Ancient Greek","0, 16, 12, 18, 17",Male,19,No,male,0
39301,Yes,Yes,"English, Mandarin, French","1, 0, 6",Male,19,No,male,1
36895,Yes,Yes,"English, Tamil","4, 0",Male,23,No,male,4
39295,Yes,Yes,"American English, Japanese, French, American Sign Language","0, 0, 12, 14",Female,17,No,female,0
39280,Yes,Yes,"English, French","0, 6",Female,19,No,female,0
39397,Yes,Yes,"English, French, Mandarin","0, 9, 0",M,19,No,male,0
39274,Yes,Yes,"English, Urdu, Punjabi, French, spanish","0, 0, 0, 7, 13",female,18,No,female,0
39382,Yes,Yes,"English, Gujarati, Hindi, French, Arabic","0, 0, 0, 0, 0",female,18,No,female,0
39400,Yes,Yes,"English, Mandarin, Japanese, French","0, 0, 14, 9",female,18,No,female,0
39373,Yes,Yes,"English, French, Mandarin, Korean, Japanese","0, 6, 11, 19, 15",Male,20,No,male,0
39403,Yes,Yes,"Mandarin, Taiwanese/ Hokkien, English, Japanese, Korean, French","0, 0, 7, 14, 13, 9",Female,19,No,female,7
39406,Yes,Yes,"English, Cantonese, French, Mandarin","0, 0, 9, 9",Female,18,No,female,0
39412,Yes,Yes,"English, Mandarin, Japanese, Spanish, French, Hokkien (Taiwanese dialect)","0, 0, 20, 18, 19, 11",M,25,No,male,0
39409,Yes,No,"English, Cantonese, Mandarin, French","8, 0, 4, 12",female,19,No,female,8
39415,Yes,No,"English, Sinhalese, Japanese, Korean, French, Sanskrit","4, 0, 11, 15, 10, 0",Female,19,No,female,4
33346,Yes,Yes,"English, Cantonese, French, Mandarin","0, 0, 10, 5",Female,20,No,female,0
39283,Yes,No,"English, Mandarin, Cantonese","0, 0, 0",Female,19,No,female,0
39292,Yes,Yes,"English, Cantonese, Mandarin","0, 0, 0",Woman,19,No,female,0
39250,Yes,No,"Cantonese, English, Mandarin","0, 2, 0",Download gender.json [10 MB] (nonbinary),21,No,non-binary,2
39322,Yes,Yes,"English, Vietnamese, French, Japanese","0, 0, 11, 14",Male,18,No,male,0
35605,Yes,Yes,"English, French, Spanish, Cantonese","0, 5, 15, 25",Female,27,No,female,0
39244,Yes,Yes,"English, French, Arabic (Lebanese)","0, 4, 0",female,18,No,female,0
39331,Yes,Yes,"English, Mandarin Chinese, French","0, 0, 0",Male,17,No,male,0
34870,Yes,Yes,"English, French, Greek","0, 6, 18",Woman,19,No,female,0
39247,Yes,Yes,English,0,female,19,No,female,0
35767,Yes,Yes,"French, Spanish, Dutch","3, 14, 15",F,19,No,female,-1
39424,Yes,Yes,"English, Cantonese, Spanish","0, 0, 15",Cis female,19,No,female,0
39436,Yes,Yes,"English, Spanish","0, 14",female,19,No,female,0
35035,Yes,Yes,"English, Spanish","0, 13",female,19,No,female,0
39433,Yes,Yes,English,1,female,20,No,female,1
39427,Yes,Yes,"English, Spanish, French, Cantonese, Korean, Mandarin","0, 12, 14, 0, 16, 19",Female,21,No,female,0
32386,Yes,Yes,"English, ASL","0, 24",Female,25,No,female,0
39439,Yes,Yes,"English, French, Hebrew","0, 5, 0",Female,19,No,female,0
39442,Yes,Yes,"English, French, Mandarin, Finnish","0, 5, 11, 15",Male,18,No,male,0
37102,Yes,Yes,"English, Cantonese, Mandarin, French","1, 7, 8, 12",Female,19,No,female,1
32440,Yes,Yes,"Hindi, English, Punjabi, Sanskrit, Marathi, French","0, 0, 0, 0, 0, 0",Female,19,No,female,0
34840,Yes,Yes,"English, Arabic, French, Mandarin","0, 0, 11, 21",Female,21,No,female,0
37141,Yes,Yes,"English, Japanese, French","0, 0, 12",Male,19,No,male,0
35554,Yes,Yes,"English, French","0, 12",Male,23,No,male,0
32869,No,Yes,"Cantonese, English, Mandarin, Korean, Japanese","0, 0, 0, 12, 12",Female,20,No,female,0
39448,Yes,Yes,"Cantonese, English, Mandarin, French, Spanish, Japanese","0, 0, 3, 12, 7, 12",Female,19,No,female,0
39268,No,No,"Japanese, English, Mandarin","0, 1, 17",Female,20,No,female,1
37219,No,No,Mandarin,0,Female,33,No,female,-1
37561,No,No,"English, Bahasa Indonesia, German, Arabic","5, 0, 15, 6",Male,18,No,male,5
30838,No,No,"Mandarin, English, Japanese","0, 5, 15",Female,21,No,female,5
33403,Yes,Yes,"English, French, Spanish, German","0, 7, 17, 19",Female,19,No,female,0
29026,Yes,Yes,"English, Cantonese","2, 0",Male,30,No,male,2
39451,No,No,"Mandarin, Korean, English","0, 0, 6",female,22,No,female,6
39454,No,No,"Mandarin, English","0, 7",Female,20,No,female,7
37126,Yes,Yes,"English, French, Finnish, Spanish, ASL","0, 0, 0, 2022, 2021",Male,20,No,male,0
39463,Yes,Yes,"English, French, Dutch, Italian, Spanish","0, 10, 21, 20, 23",Female,24,No,female,0
39466,Yes,Yes,"Mandarian, English","0, 0",Male,18,No,male,0
39298,Yes,Yes,"English, Mandarin, Japanese, Taiwanese","7, 0, 18, 0",Male,23,No,male,7
35176,Yes,Yes,"English, Spanish, Punjabi, French","1, 15, 1, 10",female,19,No,female,1
39469,Yes,Yes,"Mandarin, English, Japanese, French","0, 4, 3, 12",female,19,No,female,4
38047,Yes,Yes,"English, French, German, Esperanto","0, 3, 17, 12",Woman,18,No,female,0
39475,Yes,Yes,"English, French, Punjabi, Hindi, Urdu","0, 0, 0, 0, 0",Male,25,No,male,0
32116,Yes,Yes,"English, French, Spanish, Portuguese, Mandarin, Tagalog","0, 5, 16, 18, 0, 0",Female,19,No,female,0
39487,Yes,Yes,"Chinese, Spanish, Taiwanese","2, 15, 2",Female,19,No,female,-1
39484,Yes,Yes,"Nepali, English, Hindi, French, Arabic, Korean","0, 0, 0, 9, 12, 17",Woman,21,No,female,0
33220,Yes,Yes,"English, Cantonese, French","0, 0, 7",Female,19,No,female,0
39490,Yes,Yes,"English, Hindi, Punjabi, French, Spanish","0, 0, 0, 15, 16",Male,18,No,male,0
29914,Yes,Yes,"English, French, Spanish, Mandarin, Ancient Greek, Russian, American Sign Language","0, 0, 15, 19, 17, 20, 20",Nonbinary Female,20,No,non-binary,0
37672,Yes,Yes,"English, Russian, French, Swedish, Tatar, German, Latin","2, 0, 14, 19, 18, 14, 10",Female,19,No,female,2
39460,No,Yes,"Korean, English, Mandarin","0, 0, 12",Male,22,No,male,0
31075,Yes,Yes,"english, cantonese, mandarin, malay, japanese","0, 0, 0, 0, 18",Female,21,No,female,0
39493,Yes,Yes,"English, Canadian French, Parisian French","0, 0, 0",Female,17,No,female,0
39496,Yes,Yes,"English, French","0, 10",Female,18,No,female,0
35287,Yes,No,"Mandarin, Wu, English, Japanese, Toki Pona, French, Tibetan","0, 0, 4, 12, 16, 18, 18",Non-binary,18,No,non-binary,4
39238,No,No,"Mandarin, English, French","0, 0, 0",Female,18,No,female,0
39499,Yes,No,"English, telugu, tamil, hindi","06, 0, 0, 0",female,19,No,female,06
39478,Yes,Yes,"English, Portuguese","0, 0",Female,18,No,female,0
31417,Yes,Yes,"Cantonese, English, Mandarin","0, 0, 19",female,20,No,female,0
38233,Yes,Yes,"Mexican-Spanish (native), Korean (educational, beginner/intermediate level)","0, 18",Female,20,No,female,-1
39508,Yes,Yes,"English, French, German","0, 9, 38",male,42,No,male,0
34954,Yes,Yes,"English, Russian, French, German, Japanese","0, 0, 6, 18, 10",Male,19,No,male,0
39235,Yes,No,"Vietnamese, English, Japanese, Russian","0, 7, 16, 22",Male,22,No,male,7
36484,Yes,Yes,"English, French, Spanish, ASL, German","0, 12, 5, 13, 0",nonbinary,20,No,non-binary,0
33769,Yes,Yes,"English, Tagalog, French, Mandarin, Hokkien","0, 0, 11, 14, 0",Female,20,No,female,0
39514,Yes,Yes,"English, Spanish, Japanese, French, German, Latin, Ancient Greek","0, 7, 22, 20, 14, 16, 18",female,32,No,female,0
39520,Yes,Yes,"English, Punjabi, Hindi","3, 0, 8",female,18,No,female,3
39523,No,No,"English, Russian, Turkish, Kyrgyz","12, 0, 13, 0",Woman,20,No,female,12
34207,Yes,Yes,"English, Cantonese, Mandarin","0, 0, 0",Male,20,No,male,0
34612,No,No,"Mandarin, English, Cantonese","0, 13, 18",Female,20,No,female,13
37000,Yes,No,"English, Kannada, Tulu, Hindi, Arabic, Marathi, Gujarati, Sanskrit, Tamil","3, 0, 0, 7, 6, 1, 18, 12, 1",Male,19,No,male,3
39526,Yes,Yes,"Mandarin, French, English","0, 13, 3",Male,18,No,male,3
39529,Yes,Yes,"English, Mandarin, Korean, French","3, 0, 12, 8",Female,17,No,female,3
39472,Yes,Yes,"English, Cantonese, Mandarin","0, 0, 13",Woman,18,No,female,0
39532,Yes,Yes,"English, Indonesian, French, Korean, ASL","0, 0, 0, 0, 0",Female,18,No,female,0
29014,Yes,Yes,"English, Mandarin Chinese, French, Korean","4, 0, 8, 17",Female,21,No,female,4
39325,Yes,Yes,"English, Hindi, Mandarin Chinese, French, Spanish, Marathi, Indian Sign Language, Sanskrit","0, 0, 9, 10, 10, 0, 0, 12",Agender/Nonbinary,19,No,non-binary,0
31030,Yes,Yes,"English, tagalog, French, spanish, asl","0, 0, 0, 0, 0",female,22,No,female,0
31915,Yes,Yes,"English, Mandarin, Cantonese","0, 0, 0",female,20,No,female,0
37216,Yes,Yes,"English, Mandarin, Japanese","4, 0, 14",Female,15,No,female,4
39544,Yes,Yes,"English, Hindi, Spanish, Punjabi","0, 0, 12, 0",Female,19,No,female,0
39430,Yes,Yes,"English, Cantonese, Mandarin, French, Japanese, Korean","0, 0, 0, 11, 14, 16",Female,17,No,female,0
39547,Yes,Yes,"English, Malayalam, Japanese","0, 0, 0",Male,20,No,male,0
39550,Yes,Yes,"English, French, Farsi, Spanish","4, 10, 0, 15",Female,19,No,female,4
39556,Yes,Yes,"Punjabi, Hindi, English, French","0, 0, 0, 10",Female,18,No,female,0
39553,Yes,Yes,"English, Mandarin, Cantonese, Hangzhou Dialect, Teochew Dialect, French","3, 0, 0, 0, 0, 11",non-binary,21,No,non-binary,3
32290,Yes,Yes,"English, German, French, Spanish, Italian, Emilian, Farsi, Mandarin, Portuguese, Ancient Greek","0, 0, 13, 14, 13, 14, 19, 18, 17, 19",Male,21,No,male,0
39517,Yes,Yes,"English, Mandarin Chinese","0, 13",Male,19,No,male,0
39559,Yes,Yes,"English, French, Latin","0, 10, 16",Female,17,No,female,0
39565,Yes,No,"Polish (native), Russian (native), English (practically native, though not technically, I suppose), French (rudimentary)","0, 0, 0, 12",Man,18,No,male,0
28342,Yes,Yes,"American English, Mandarin, Cantonese, French, Japanese, Norwegian, Swedish","0, 2, 2, 5, 15, 18, 19",female,21,No,female,0
39568,Yes,No,"English, Mandarin, Cantonese, French, Spanish, Japanese, Korean","4, 6, 0, 12, 18, 10, 10",female,20,No,female,4
31819,Yes,Yes,"English, Mandarin, French, Cantonese","0, 0, 7, 12",Female,20,No,female,0
39571,Yes,Yes,"English, French","0, 5",Male,20,No,male,0
39580,Yes,No,"Nepali, English, Dzongkha, Hindi","1, 1, 1, 5",Female,19,No,female,1
36283,No,No,"Mandarin, English, French, Japanese","0, 14, 16, 17",female,20,No,female,14
30481,Yes,Yes,"English, French, Hebrew, Spanish","0, 10, 0, 18",Female,21,No,female,0
39586,No,No,"Korean, English, Spanish","0, 3, 14",Female,19,No,female,3
39589,Yes,Yes,"English, French","0, 5",Man,21,No,male,0
35431,Yes,Yes,"English, Korean, French","0, 0, 10",Female,19,No,female,0
39595,Yes,Yes,"English, American Sign Language","0, 13",Female,19,No,female,0
39364,Yes,Yes,"English, French, american sign language, Spanish","0, 10, 16, 0",female,18,No,female,0
39604,No,No,"Russian, English, Ukranian, Mandarin","0, 5, 2, 12",Male,19,No,male,5
39601,Yes,Yes,"English, German, Italian, French, Spanish, Portuguese","3, 0, 14, 14, 11, 14",Male,19,No,male,3
39607,Yes,Yes,English,0,female,19,No,female,0
39505,Yes,No,"Mandarin, Shanghainese (Chinese dialect, Japanese, English, Cantonese","04, 2, 16, 8, 20",female,21,No,female,8
39388,Yes,No,"Mandarin, English, French","0, 0, 0",Male,17,No,male,0
39613,Yes,Yes,"english, japanese, french","0, 0, 5",female,19,No,female,0
39562,Yes,Yes,"English, Cantonese, French, Mandarin","0, 0, 12, 15",Female,18,No,female,0
39619,Yes,Yes,"English, French, Mandarin, Hokkien, Japanese","3, 11, 0, 0, 5",Female,18,No,female,3
39616,Yes,Yes,"English, Cantonese, French, Spanish, American Sign Language, Korean","0, 0, 5, 12, 15, 15",Female,18,No,female,0
39622,Yes,Yes,"English, French, Urdu, Hindi, Punjabi","0, 8, 0, 0, 0",Male,19,No,male,0
39625,Yes,Yes,"English, Mandarin, French, Spanish","5, 3, 11, 15",Female,18,No,female,5
31168,Yes,Yes,"English, Romanian","0, 0",Female,21,No,female,0
37135,Yes,Yes,"Persian, English, Mandarin","0, 3, 13",Woman,19,No,female,3
32272,Yes,No,"Cantonese, English, Mandarin","0, 4, 6",Female,20,No,female,4
32980,Yes,Yes,"English, Hindi, Gujarati, Marathi, Spanish, Sanskrit","0, 0, 0, 0, 16, 18",Female,20,No,female,0
39634,Yes,No,"Tagalog, English, Arabic, French","0, 5, 5, 9",Male,20,No,male,5
31765,No,No,"Mandarin, English","0, 5",woman,20,No,female,5
29164,Yes,Yes,"English, French, Portuguese","0, 5, 0",female,21,"Yes, please specify the disorder or disability:",female,0
39643,Yes,Yes,"French, sweedish, german, spanish","11, 19, 13, 19",non-binary,19,No,non-binary,-1
39379,Yes,No,"English, Serbian, French, Spanish, Greek, Mandarin Chinese","4, 0, 3, 4, 0, 18",Female,19,No,female,4
31846,Yes,Yes,"English, Italian, French, Spanish","0, 0, 0, 0",Male,32,No,male,0
39640,Yes,No,"English, Punjabi, Hindi, Urdu, Spanish, Korean","1, 0, 0, 15, 14, 11",Female,18,No,female,1
39655,Yes,No,"English, Tagalog, French","4, 1, 11",Nonbinary/genderfluid,20,No,non-binary,4
14533,Yes,Yes,"English, Russian","3, 0",female,26,No,female,3
35212,Yes,Yes,"English, Cantonese, Mandarin, French, Japanese","0, 0, 0, 4, 10",female,19,No,female,0
35296,Yes,Yes,"English, Korean","0, 0",Female,18,No,female,0
39667,Yes,Yes,"English, French","0, 6",Male,18,No,male,0
31795,Yes,Yes,"english, cantonese, french, korean","0, 0, 6, 13",female,19,No,female,0
39670,Yes,Yes,"English, French","0, 10",Woman,18,No,female,0
39676,No,No,mandarin,0,female,24,No,female,-1
36289,Yes,Yes,"English, French, Japanese, German","0, 10, 15, 19",Genderfluid,19,No,non-binary,0
39685,Yes,Yes,"English, Canadian French, Spanish","0, 5, 0",female,22,No,female,0
31912,Yes,Yes,"English, French, Spanish","0, 5, 18",Female,20,No,female,0
39652,Yes,Yes,"English, Punjabi, French","0, 0, 6",Female,19,No,female,0
39631,No,No,"Indonesia, English, Korea, Spanish, German Deutsch, Javanese (local language)","0, 2, 10, 19, 16, 0",Female,19,No,female,2
39679,No,No,"Mandarin, English, Cantonese, French","0, 5, 18, 16",Female,19,No,female,5
39694,Yes,Yes,"English, Cantonese, French, Japanese, Mandarin","1, 0, 11, 14, 8",Female,18,No,female,1
39697,Yes,Yes,"English, Mandarin Chinese, French","3, 0, 11",Female,21,No,female,3
36790,Yes,Yes,"English, French, German, Japanese, Korean, American Sign Language","0, 5, 16, 17, 18, 18",Female,18,No,female,0
39700,Yes,Yes,"English, Cantonese, Mandarin, French, ASL (American sign language), Spanish","0, 0, 0, 11, 0, 12",Female,18,No,female,0
39703,Yes,Yes,"English, Mandarin","0, 0",Female,19,No,female,0
39706,Yes,Yes,"English, Hindi, Sanskrit","3, 0, 12",Female,~22,No,female,3
35113,Yes,Yes,"English, French, Spanish","0, 1, 2",female,19,No,female,0
39709,Yes,Yes,"English, Polish, Canadian French, Standard Japanese","0, 0, 4, 13",Female/woman,18,No,female,0
32380,Yes,Yes,"English, Korean, French, Spanish","0, 0, 7, 12",female,20,No,female,0
31642,Yes,Yes,"English, Mandarin, Cantonese, Spanish, Korean, Japanese","0, 0, 0, 13, 12, 14",Female,20,No,female,0
39217,Yes,Yes,"English, French, Spanish","0, 11, 20",Female,44,No,female,0
32677,Yes,Yes,"English, Danish, Spanish, French, Korean","0, 15, 15, 9, 17",Trans male,20,No,male,0
39712,Yes,No,"English, Cantonese, Mandarin, French","3, 0, 5, 3",Male,19,No,male,3
39688,Yes,No,"English, Cantonese, Mandarin","13, 0, 0",male,23,No,male,13
34402,No,No,"English, Mandarin","14, 0",male,22,No,male,14
39715,Yes,Yes,"English, Punjabi, Hindi, Urdu, Japanese, Korean, French, Spanish","3, 0, 2, 2, 14, 13, 8, 19",woman,19,No,female,3
30325,Yes,Yes,"English, Vietnamese, French","0, 0, 9",Female,21,No,female,0
39418,,,,,,,,other,-1
39664,Yes,No,"English, Bangla, Hindi, Urdu","0, 0, 0, 0",,,No,other,0
27352,Yes,Yes,"English, Norwegian, Swedish, ASL, Spanish, French","0, 18, 20, 18, 14, 10",she/her,22,No,female,0
39583,Yes,No,"Cantonese, English, Mandarin, Japanese","0, 2, 4, 14",Female,18,No,female,2
35044,Yes,Yes,"English, French","0, 10",Female,19,No,female,0
39319,Yes,No,"English, Hindi, French","0, 0, 9",Female,22,No,female,0
35239,Yes,Yes,"English, French","0, 0",Female,18,No,female,0
39262,Yes,Yes,"English, French","0, 3",F,40,No,female,0
39724,Yes,Yes,English,0,Male,18,No,male,0
28309,Yes,Yes,"English, Spanish, Serbian, French","0, 18, 0, 10",Female,21,No,female,0
39736,Yes,Yes,"English, Persian","0, 0",Male,18,No,male,0
27262,No,No,"Korean, English, Japanese, Mandarin","0, 11, 23, 15",Female,26,No,female,11
39721,Yes,Yes,"English, Shanghainese, French, Mandarin, Japanese","0, 0, 9, 7, 14",,17,No,other,0
39742,Yes,Yes,"English, Cantonese, French","0, 0, 12",male,19,No,male,0
36937,Yes,Yes,"English, French","0, 0",female,19,No,female,0
39730,No,Yes,"English, hindi, bengali, spanish","1, 0, 0, 0",,,No,other,1
39421,Yes,No,"English, Tagalog","0, 0",Female,18,No,female,0
39745,Yes,Yes,"cantonese, french","0, 12",male,21,No,male,-1
39748,Yes,Yes,"English, Spanish, Cantonese, Mandarin, French, Japanese, Korean, Italian","0, 0, 0, 7, 5, 15, 18, 8",male,19,No,male,0
39733,No,Yes,English,0,Female,19,No,female,0
39751,Yes,No,"English, French","0, 0",female,19,No,female,0
34783,Yes,Yes,"French, English","8, 0",Non-binary,28,No,non-binary,0
35047,Yes,Yes,"English, French","0, 6",Female,19,No,female,0
39307,No,No,"Filipino, English","0, 0",Female,20,No,female,0
27808,Yes,Yes,"English, Visaya, Tagalog, French","0, 0, 0, 10",Female,21,No,female,0
39757,Yes,Yes,"English, Spanish, French","0, 0, 0",Male,23,No,male,0
39760,Yes,Yes,"English, Spanish","0, 13",Female,20,No,female,0
39763,Yes,Yes,"English, Spanish, Hawaiian, Mandarin","0, 12, 0, 13",Male,21,No,male,0
34903,Yes,No,"Japanese, English, French, hən̓q̓əmin̓əm̓","0, 9, 11, 19",Male,20,No,male,9
31852,Yes,Yes,"English, French, Cantonese","0, 5, 0",Female,22,No,female,0
39766,Yes,No,"Mandarin, Cantonese, Hakka, English, Japanese, Italian","0, 0, 0, 0, 0, 0",female,21,No,female,0
39754,Yes,Yes,"English, French, Danish","0, 9, 18",Male,18,No,male,0
28279,Yes,Yes,"English, French, Portuguese","0, 7, 0",female,20,No,female,0
39769,No,No,"Cantonese, English, Mandarin, Japanese","0, 3, 3, 19",female,20,No,female,3
35830,Yes,Yes,"English, Mandarin","0, 0",female,22,No,female,0
32071,Yes,Yes,"English, Mandarin","4, 0",Genderfluid,19,No,non-binary,4
33349,No,Yes,"English, Spanish","0, 12",Female,20,No,female,0
30880,Yes,Yes,"english, french","0, 5",female,21,No,female,0
32425,No,Yes,"Mandarin Chinese, Shanghai Dialect, English, Japanese, French","0, 0, 3, 15, 18",female,20,No,female,3
39775,Yes,Yes,"Spanish, English, French","0, 0, 0",Female,19,No,female,0
39772,Yes,Yes,"English, Spanish","0, 8",Female,18,No,female,0
39781,Yes,Yes,"Canadian English, French, Cantonese","0, 12, 0",Female,18,No,female,0
35110,Yes,Yes,"Canadian English, Brazilian Portuguese, Canadian French (Quebec), Mexican Spanish, German (Germany), Mandarin (simplified), Japanese, Tibetan (Lhasa), Korean, Greek (Cypriot)","0, 16, 10, 17, 18, 20, 14, 20, 19, 0",male (cis),20,No,male,0
39793,No,No,"Mongolian, Russian, English, Kalmyk Oirat, Buryat, Ukrainian, Belarusian, Spanish","0, 0, 6, 0, 0, 7, 7, 14",Male,20,No,male,6
39796,Yes,Yes,"English, Japanese, Spanish","0, 0, 14",Female,19,No,female,0
39799,Yes,Yes,"English, Manderin, Shanghainese Dialect, French, Korean","0, 0, 0, 12, 17",Female,17,No,female,0
39802,Yes,Yes,"English, French","0, 6",Male,17,No,male,0
37894,Yes,Yes,"English, Arabic, German, Spanish","6, 0, 5, 16",Female,20,No,female,6
31687,Yes,Yes,"English, Albanian","3, 0",female,20,No,female,3
35533,Yes,Yes,"English, Mandarin, Japanese, Malay","0, 0, 0, 0",Female,18,No,female,0
28582,Yes,Yes,"English, Korean, French, Arabic","1, 1, 8, 8",female,20,No,female,1
39535,Yes,Yes,"English, Russian","0, 0",female,19,No,female,0
39805,Yes,Yes,"English, Mandarin","0, 0",male,18,No,male,0
35824,Yes,Yes,"English, French","0, 5",Woman,21,No,female,0
39808,No,No,"English, French, Gàidhlig., ASL, Japanese","0, 13, 17, 0, 18",demigirl,20,No,other,0
39811,Yes,Yes,"English, French, Spanish","0, 12, 12",Male,20,No,male,0
39814,Yes,Yes,"English, Cantonese, Japanese, French, Mandarin","0, 0, 15, 6, 0",Male,18,No,male,0
39820,Yes,Yes,"English, Punjabi, French","0, 0, 10",Male,19,No,male,0
35524,Yes,Yes,"English, Dutch, French","0, 21, 10",Female,22,No,female,0
39823,No,No,"English, Korean, Mandarin, French","5, 0, 18, 13",Female,19,No,female,5
35038,Yes,Yes,"English, Cantonese, Mandarin, Spanish","0, 0, 0, 12",woman,19,No,female,0
39826,Yes,Yes,"English, Cantonese, French, Vietnamese, Spanish, Mandarin, Korean","0, 0, 9, 0, 3, 0, 18",Woman,19,No,female,0
39829,Yes,Yes,"English, Mandarin","0, 0",female,18,No,female,0
23866,Yes,Yes,"English, ASL, Mandarin, French, Portuguese, Japanese","0, 15, 16, 16, 18, 20",female,23,No,female,0
39838,Yes,Yes,"English, Mandarin, French","0, 0, 10",Female,19,No,female,0
39841,Yes,Yes,"English, Mandarin, French","5, 1, 10",Male,21,No,male,5
39727,Yes,Yes,"English, Cantonese, Mandarin, French","0, 0, 8, 9",Male,18,No,male,0
39850,No,Yes,"English, French","0, 2",Female,18,No,female,0
39859,Yes,Yes,"English, French, Italian","0, 11, 3",Female,18,No,female,0
39847,Yes,Yes,"English, Cantonese, Spanish","0, 0, 12",Female,18,No,female,0
39787,Yes,Yes,"English, Mandarin","0, 0",Female,19,No,female,0
31954,Yes,Yes,"English, French","0, 12",Non-binary/Woman,20,No,non-binary,0
39862,No,No,"English- natively, Punjabi- natively, Hindi- natively","0, 0, 0",female,22,No,female,0
31495,Yes,Yes,"English, Spanish","0, 0",female,26,No,female,0
37405,Yes,Yes,"English, French, Japanese, Mandarin, Tagalog, Sinhala","0, 6, 20, 21, 0, 0",Male,21,No,male,0
39511,Yes,Yes,"English, French, Italian","1, 4, 17",Female,17,No,female,1
35437,No,No,"Cantonese, Mandarin, French, English","0, 6, 18, 0",female,19,No,female,0
26902,Yes,Yes,"English, French, Spanish, Italian, Mandarin","0, 12, 0, 18, 15",female,21,No,female,0
32641,Yes,Yes,"English, Tagalog, French, Korean","0, 0, 12, 16",Female,19,No,female,0
39865,Yes,Yes,"English (natively), French (natively), Spanish (educational), Korean (self-study, still learning)","0, 0, 14, 17",Female,19,No,female,0
39868,Yes,Yes,"Mandarin, Min nan hua, French, Spanish, English","0, 0, 6, 10, 2",Female,19,No,female,2
39844,No,Yes,"English, Cantonese, French","0, 2, 10",Female,19,No,female,0
32524,Yes,Yes,English,0,Female,20,No,female,0
39871,Yes,Yes,"Japanese, Spanish, English","0, 7, 0",female,19,No,female,0
32881,Yes,Yes,"English, Hebrew, French, Spanish, Japanese, Hungarian, Ladino","0, 5, 6, 21, 21, 0, 0",Female,26,No,female,0
39874,Yes,Yes,"English, Punjabi, Hindi, Urdu, French","0, 0, 5, 5, 10",female,19,No,female,0
39880,Yes,Yes,"English, French, Portuguese","0, 5, 0",Female,19,No,female,0
36559,Yes,Yes,"English, Spanish","0, 0",Female,25,No,female,0
29104,Yes,Yes,"English, Mandarin, Japanese, French, Taiwanese","0, 0, 18, 10, 0",Female,20,No,female,0
37771,No,No,"Indonesian, English, Mandarin, Hokkien","0, 2, 0, 0",Female,19,No,female,2
39889,Yes,No,"English, Hindi, Punjabi, Marathi","3, 0, 0, 8",male,19,No,male,3
39739,Yes,Yes,"English, Korean","0, 0",Female,18,No,female,0
39886,Yes,Yes,"English, French, Italian","0, 12, 0",Female,18,No,female,0
39817,Yes,Yes,"English, Korean, Thai, Chinese, Russian, French","4, 0, 5, 5, 0, 19",Female,19,No,female,4
39574,Yes,Yes,"English, Somali","0, 0",Female,18,No,female,0
39892,Yes,No,"English, Hebrew, French, Danish, Homeric Greek","6, 0, 7, 14, 20",genderfluid,20,No,non-binary,6
39895,Yes,Yes,"English, French","0, 10",Female,19,No,female,0
24211,Yes,Yes,"English, French, hən̓q̓əmin̓əm̓","0, 7, 18",Female,22,No,female,0
39901,Yes,Yes,"English, French, Yoruba, Chinese, Korean","0, 4, 0, 23, 20",Female,24,No,female,0
39904,Yes,Yes,"English, French, Tagalog","0, 10, 0",Female,17,No,female,0
35356,Yes,Yes,"English, French","0, 5",Woman,19,No,female,0
37858,Yes,Yes,"English, French","0, 10",female,19,No,female,0
39913,Yes,Yes,"Farsi, English, Spanish, Italian, French","0, 0, 14, 15, 12",female,18,No,female,0
39916,Yes,Yes,"English, French","0, 13",female,18,No,female,0
37822,Yes,Yes,"English, French, Portuguese","0, 9, 0",cisgender woman,19,No,female,0
39919,Yes,Yes,"English, French, Tagalog, Kapampangan, Mandarin","7, 12, 0, 0, 18",Male,19,No,male,7
39922,Yes,Yes,"cantonese, mandarin, french, english","0, 4, 5, 0",female,19,No,female,0
39925,Yes,Yes,"Korean, French","18, 9",female,23,No,female,-1
39928,Yes,Yes,"English, Turkish","3, 0",Male,18,No,male,3
33268,Yes,Yes,"English, Punjabi","0, 0",female,23,No,female,0
39907,Yes,Yes,"English, Cantonese, Mandarin, French","0, 0, 7, 11",Male,19,No,male,0
34969,Yes,Yes,"canadian english, canadian french","0, 0",female,18,No,female,0
38437,Yes,Yes,"English, Swedish, French, Norwegian","0, 0, 9, 1",female,19,No,female,0
39934,No,No,"English, French, Cantonese, Korean","1, 6, 0, 13",female,18,No,female,1
39937,Yes,Yes,"English, Cantonese, Japanese","3, 0, 15",female,17,No,female,3
37015,Yes,Yes,"English, French, Japanese","0, 5, 15",Male,18,No,male,0
39943,Yes,Yes,"Canadian English, Mandarin, French","3, 0, 10",Female,18,No,female,3
39832,Yes,Yes,"English, French, Portuguese","0, 5, 16",girl,18,No,female,0
34951,Yes,,"English, Mandarin, French","1, 1, 9",female,20,No,female,1
39949,Yes,Yes,"Cantonese, Mandarin, French","3-4, 3-4, 8",Female,20,No,female,-1
35779,Yes,No,"Spanish, English, French","0, 0, 6",female,22,No,female,0
35497,Yes,Yes,"English, French","0, 0",Non-binary,19,No,non-binary,0
39952,No,No,"punjabi, spanish, german","8, 14, 19",female,19,No,female,-1
39955,Yes,Yes,"Mandarin, French, Cantonese, Korean, English","0, 8, 0, 15, 3",woman,17,No,female,3
39961,Yes,Yes,"English, Cantonese","0, 0",Female,19,No,female,0
35938,Yes,Yes,"English, German","0, 0",female,20,No,female,0
39964,Yes,Yes,"English, French","0, 0",She/Her,19,No,female,0
39958,Yes,Yes,"English, Punjabi, Hindi, French, Urdu, Gurmukhi","0, 0, 0, 8, 0, 0",Female,18,No,female,0
39973,Yes,Yes,"Chinese, French, Japanese","0, 9, 14",female,18,No,female,-1
39976,Yes,Yes,"English, Mandarin, French, Spanish, Italian","0, 0, 6, 14, 18",Female,18,No,female,0
39979,Yes,Yes,"English, Mandarin, French","4, 0, 7",Male,18,No,male,4
29782,Yes,Yes,"English, Mandarin, Spanish, Indonesian, Korean","0, 0, 14, 10, 14",Female,21,No,female,0
38131,Yes,Yes,"English, French, German, Scott's Gaelic, Anishnaabemowin","0, 10, 18, 18, 16",Woman,19,No,female,0
39985,Yes,No,"Spanish, English, French, Japanese, ASL","0, 6, 12, 17, 18",woman,19,No,female,6
37228,Yes,Yes,"English, Spanish, French","0, 0, 12",female,19,No,female,0
39991,No,No,"Mandarin (native), American English (school), Japanese (school), Shanghainese (family setting), Tibetan (School)","0, 7, 14, 0, 21",Female,22,No,female,7
39994,Yes,Yes,"English, French","0, 3",Male,18,No,male,0
39997,No,No,"Mandarin, English, French","0, 3, 17",female,18,No,female,3
33490,Yes,Yes,"English, French, ASL, Persian","0, 8, 17, 18",Female,19,No,female,0
40000,Yes,No,"Mandarin, English","1, 7","I’m a male, Im a guy, I was born a male. I am a male",21,No,male,7
35434,Yes,Yes,"English, Arabic, Spanish (through high school)","0, 0, 0",woman,20,No,female,0
31357,Yes,Yes,"English, Mandarin, Spanish, French, Korean, Cantonese, Hokkien, Hakka, Latin, Ancient Greek","0, 0, 13, 7, 18, 0, 0, 0, 11, 13",Female,21,No,female,0
39940,Yes,Yes,English,0,Female,20,No,female,0
40003,Yes,Yes,"English, Mandarin","0, 0",FEMALE,18,No,female,0
40006,Yes,Yes,"English, French","0, 5",Female,28,No,female,0
35992,Yes,Yes,"English, French, Spanish, Arabic, Mandarin","0, 4, 2, 11, 18",Female,19,No,female,0
37096,Yes,Yes,"English, Japanese, Spanish","0, 15, 14",Non-binary/woman,20,No,non-binary,0
40009,Yes,Yes,"English, French, Dutch","0, 12, 15",Female,20,No,female,0
38368,Yes,Yes,"English, Korean, French, German","0, 0, 8, 19",Female.,19,No,female,0
32170,Yes,Yes,"English, French, Italian, Mandarin","0, 5, 19, 20",female,20,No,female,0
40012,Yes,Yes,"English, Spanish, Latin","0, 0, 0",Female,19,No,female,0
40018,Yes,Yes,"American English, Mandarin, Cantonese","0, 0, 0",Female,19,No,female,0
36730,Yes,Yes,"English, Russian, German, French, Mandarin Chinese","6, 0, 7, 7, 18",Male,19,No,male,6
35983,Yes,Yes,"English, Arabic, Mandarin","0, 0, 22",F,24,No,female,0
40021,Yes,No,"English, Japanese, Mandarin Chinese, Mongolian (Xinjiang area in china)","8, 8, 0, 0",Female,25,No,female,8
31594,Yes,Yes,"Japanese, French","0, 12",Female,19,No,female,-1
40024,Yes,No,"Mandarin, English","0, 8",female,23,No,female,8
23461,Yes,Yes,"English, Cantonese, French, Spanish","0, 0, 13, 14",Female,22,No,female,0
40027,Yes,Yes,"English, French (mostly Canadian)","0, 6",Female,19,No,female,0
39982,Yes,Yes,"English, Cantonese, French, Spanish","0, 0, 8, 4",Female,18,No,female,0
39658,Yes,Yes,"English, French","0, 10",female,18,No,female,0
39637,Yes,Yes,"English, Indonesian, Chinese, Japanese, French, Javanese","0, 0, 0, 12, 12, 0",Female,20,No,female,0
40030,Yes,Yes,"English, French, Spanish","0, 3, 18",Female,20,No,female,0
40033,Yes,Yes,"English, Parisian French (in school), Castilian Spanish (in school), Latin American Spanish (in school), German (in school), Latin (in school), Korean (self-study)","0, 8, 8, 14, 11, 12, 19",Female,19,No,female,0
30193,Yes,Yes,"English, Mandarin, French, Portugese","0, 0, 10, 20",Female,21,No,female,0
35449,Yes,Yes,"English, French, Spanish, Hebrew","0, 11, 16, 0",female,19,No,female,0
40036,Yes,Yes,"english, french, mandarin","0, 0, 0",female,18,No,female,0
40039,Yes,Yes,"English, French","0, 5",Female,19,No,female,0
40042,Yes,Yes,"English, Spanish","0, 0",Female,19,No,female,0
39967,Yes,Yes,"English, Mandarin, Malay","1, 1, 1",Male,23,No,male,1
34996,Yes,Yes,"English, Japanese, French, Spanish, Mandarin, ASL","0, 0, 11, 14, 19, 17",Femail,20,No,female,0
35092,Yes,Yes,"Korean, English, Spanish, French","0, 3, 13, 10",Female,19,No,female,3
40045,Yes,Yes,"English, French, Illongo/Hiligaynon, Tagalog","0, 10, 0, 0",Male,21,No,male,0
40048,No,No,"mandarin, English","1, 12",female,25,No,female,12
39946,No,Yes,"French, English, Spanish, Korean","0, 0, 17, 18",Female,18,No,female,0
32107,Yes,Yes,"English, Punjabi, Hindi, Urdu, French","5, 0, 3, 3, 13",Female,20,No,female,5
31870,Yes,Yes,"Punjabi, English, Hindi, French, American Sign Language","0, 4, 2, 8, 19",female,20,No,female,4
33142,Yes,No,"English, Malayalam, French, Hindi","0, 0, 8, 5",Woman,21,No,female,0
40051,Yes,Yes,"English, Slovak, French","2, 0, 11",Male,26,No,male,2
23839,Yes,Yes,"nehiyawehwin, hunquminum, french, german, spanish, english","30, 34, 6, 14, 15, 0",Female,35,No,female,0
31414,Yes,Yes,"English, Japanese, Cantonese","0, 0, 0",female,20,No,female,0
40063,Yes,Yes,"English, Gujarati, Hindi, Kutchi, French, Spanish","2, 0, 0, 0, 2, 15",Male,19,,male,2
40072,Yes,Yes,"Dari, English, French, Arabic","0, 0, 12, 5",Male,18,No,male,0
40060,No,No,"Mandarin, English, Korean, Taiwanese","0, 5, 16, 0",Female,31,No,female,5
34960,Yes,Yes,"English, Punjabi, French","0, 0, 12",Female,22,No,female,0
40078,Yes,Yes,"English, French, Spanish","0, 11, 14",Female,18,No,female,0
40075,Yes,Yes,"English, French","0, 0",female,19,No,female,0
40081,Yes,Yes,"French, Swedish, Classical Latin, English","9, 22, 20, 0",Female,23,No,female,0
40087,Yes,Yes,"English, Hindi, French, Gujurati, Punjabi","0, 0, 0, 0, 0",male,19,No,male,0
33109,Yes,Yes,"English, French, Spanish, Punjabi, Russian","0, 10, 18, 18, 0",woman,20,No,female,0
35371,Yes,No,"Cantonese, English, French, Mandarin","0, 4, 11, 8",Woman,20,No,female,4
39988,No,No,"Cantonese, English, Mandarin","0, 0, 0",Female,19,No,female,0
30472,Yes,Yes,"English, French","0, 4",female,21,No,female,0
40093,Yes,Yes,"English, French","0, 10",Female,19,No,female,0
40090,Yes,No,"Spanish, English, French","0, 4, 13",Woman,20,No,female,4
40096,Yes,No,"Cantonese, English, Mandarin, French, Japanese, Korean","0, 0, 3, 11, 7, 13",Female,19,No,female,0
35962,Yes,Yes,"English, German, French","0, 18, 12",female,20,No,female,0
40084,Yes,Yes,"English, French, German","0, 5, 18",Female,18,No,female,0
40099,Yes,Yes,"English, Malayalam, French, Hindi, Telugu","0, 0, 9, 5, 5",Female,19,No,female,0
35797,Yes,Yes,"English, Italian, French, Polish","0, 18, 6, 0",Female,19,"Yes, please specify the disorder or disability:",female,0
40102,Yes,Yes,"English, Mandarin, French","0, 0, 8",Male,18,No,male,0
40105,No,No,"Mandarin, English, Cantonese","0, 10, 18",female,21,No,female,10
23785,Yes,Yes,"French, Mandarin Chinese","0, 0",female,24,No,female,-1
40108,Yes,No,"English, Japanese","0, 0",Woman,20,No,female,0
40114,Yes,No,"English, Indonesian","0, 0",Female,18,No,female,0
40117,No,No,"English, Portuguese, Spanish, German, Italian","6, 0, 10, 16, 15",Male,18,No,male,6
40120,Yes,Yes,"Canadian English, French","0, 15",cisgender woman,19,No,female,0
33118,Yes,Yes,"English, French, Mandarin, Cantonese","0, 9, 5, 0",Female,20,No,female,0
40123,No,No,"Mandarin, English, French, Korean","0, 5, 12, 14",Female,18,No,female,5
39856,Yes,Yes,"Mandarin, English, Shanghainese","0, 10, 0",female,19,No,female,10
31654,Yes,No,"Cantonese, Mandarin, Japanese","0, 0, 7",Female,20,No,female,-1
40126,Yes,Yes,"Farsi (Persian/Iranian), French","0, 6",Rather not say,19,No,other,-1
39598,Yes,Yes,"English, French","0, 5",Female,18,No,female,0
39673,Yes,No,"Arabic, English, Spanish, Portugese","0, 2, 15, 17",male,20,No,male,2
39538,Yes,Yes,"English, Tagalog","0, 0",female,18,No,female,0
39289,No,Yes,"English, French, German","0, 0, 13",Female,19,No,female,0
40129,Yes,Yes,"English, French, Hindi, Punjabi","0, 3, 0, 0",male,19,No,male,0
40132,Yes,Yes,"English, Korean, Cantonese, French, Spanish, Japanese, German","0, 0, 0, 11, 15, 12, 22",Man,22,No,male,0
34942,No,No,"Spanish, English","0, 5",Female,21,No,female,5
40135,Yes,No,"English, Hindi, Urdu, French, Korean, Greek","0, 0, 0, 10, 16, 15",Female/woman,21,No,female,0
40138,No,No,"English, Chinese, Korean","4, 4, 2",Female,20,No,female,4
40141,Yes,No,"English, Vietnamese","0, 0",Male,18,No,male,0
40069,Yes,Yes,"English, Cantonese, Mandarin","0, 0, 14",Female,18,No,female,0
34441,Yes,Yes,"French, Spanish, American Sign Language, Haíɫzaqvḷa, hən̓q̓əmin̓əm̓","2, 12, 8, 23, 24",F,26,No,female,-1
31783,Yes,Yes,"English, Russian, French, Ukrainian","6, 0, 11, 0",female,21,No,female,6
40144,Yes,Yes,"English, Spanish, French","0, 11, 11",Male,19,No,male,0
37804,Yes,No,"English, Korean, French, American Sign Language","4, 0, 9, 5",Female she/her,19,No,female,4
40147,Yes,Yes,"English, French, Spanish","0, 10, 14",Woman,18,No,female,0
40156,Yes,No,"English, Punjabi, Hindi, Urdu, French","2, 0, 6, 6, 10",female,18,No,female,2
40159,Yes,No,"Mandarin, English, Taiwanese Hokkien, French","0, 4, 0, 16",female,21,No,female,4
35443,Yes,Yes,"spanish, English","15, 0",female,18,No,female,0
40162,Yes,No,"Afrikaans, English, Japanese, Southern Sotho","0, 10, 19, 0",Femals,20,No,female,10
37735,Yes,Yes,"English, Mandarin","0, 5",female,19,No,female,0
32056,Yes,Yes,"English, Cantonese, Japanese, Mandarin, French","0, 0, 8, 5, 5",female,,No,female,0
37609,Yes,Yes,"English, French","0, 9",Female,19,No,female,0
40171,Yes,Yes,"English, Mandarin","0, 0",,,No,other,0
40168,Yes,Yes,"English, Japanese, Spanish","2, 0, 13",Male,19,No,male,2
39592,Yes,Yes,"English, Fijian-Hindi, French","0, 0, 12",Male,21,No,male,0
40153,Yes,Yes,"Mandarin, English","1, 12",Male,20,No,male,12
25165,Yes,Yes,"English, Ilocano","0, 0",Female,22,No,female,0
36037,No,No,"Japanese, English, French, Korean","0, 0, 12, 23",Female,25,No,female,0
40177,Yes,Yes,"English, French, Spanish","0, 4, 18",Female,19,No,female,0
40066,Yes,Yes,"English, French","0, 11",Male,20,"Yes, please specify the disorder or disability:",male,0
40180,No,No,English,0,female,19,No,female,0
40186,Yes,Yes,"English, Spanish","1, 15",Female,18,No,female,1
32158,Yes,Yes,"English, Korean, French, Spanish","0, 0, 10, 15",Male,20,No,male,0
39502,Yes,Yes,"English, French","0, 10",Male,19,No,male,0
40189,Yes,No,"English, Mandarin","4, 0",Male,20,No,male,4
40192,Yes,Yes,"Cantonese, English, Mandarin, French","0, 3, 8, 11",M,20,No,male,3
32437,Yes,Yes,"English, Spanish, Yiddish, German","0, 12, 18, 18",Female,20,No,female,0
40195,Yes,Yes,"English, Cantonese","4, 1",male,19,No,male,4
40198,Yes,No,"English, Urdu, Arabic, ASL, French","0, 0, 0, 0, 0",Female,19,No,female,0
40204,Yes,Yes,"English, Japanese, Chinese","0, 20, 14",Male,22,No,male,0
40207,Yes,Yes,"English, Tagalog, Mandarin","0, 0, 5",female,18,No,female,0
32215,Yes,Yes,"English, French","0, 0",female,22,No,female,0
30355,Yes,Yes,"Cantonese, Mandarin, French, Japanese, English","0, 2, 12, 18, 4",Female,21,No,female,4
40210,Yes,Yes,"English, French, Tamil","0, 5, 0",male,20,No,male,0
39541,Yes,Yes,"English, Tagalog, Bisaya, French","0, 0, 0, 6",Female,20,No,female,0
37384,Yes,Yes,"English, French, German","0, 7, 18",female,19,No,female,0
36280,Yes,Yes,"english, spanish, french, cantonese, cebuano, te reo maori","0, 0, 5, 0, 0, 19",cisgender,19,No,other,0
40222,Yes,Yes,"English, Korean, French","0, 0, 5",female,18,No,female,0
40228,No,Yes,"Cantonese, English, Spanish, Japanese, Korean, Mandarin","0, 3, 9, 14, 16, 3",Female,18,,female,3
40237,Yes,Yes,"Cantonese, English, Mandarin, French","0, 0, 8, 10",Male,19,No,male,0
40240,Yes,No,"English, Hindi, Punjabi, French","6, 0, 6, 10",Male,21,No,male,6
40231,Yes,No,"Russian, English, Portuguese, Ukrainian, Spanish","0, 6, 10, 0, 13",Woman,18,No,female,6
40246,Yes,Yes,"English, French, ASL","0, 8, 23",Cisgender Male,24,No,male,0
40252,Yes,Yes,"Punjabi, Hindi, English, French","0, 0, 0, 9",woman,18,No,female,0
39661,Yes,Yes,"English (mother-tongue), Italian, Spanish (self-study), Russian, Chinese","5, 4, 4, 4, 4",Male,19,No,male,5
40255,No,No,"spanish, english, portuguese, french, mandarin","0, 4, 15, 12, 8",male,22,No,male,4
39304,Yes,Yes,"English, Hindi, Gujarati","0, 0, 0",Female,21,No,female,0
39691,Yes,Yes,"English, Japanese","0, 0",Female,18,No,female,0
40258,Yes,Yes,"English, Hindi, Arabic, French","0, 0, 5, 10",Female,20,No,female,0
20263,Yes,Yes,"English, French, Hokkien","0, 9, 0",male,23,No,male,0
40267,Yes,Yes,"Canadian English, Romanian","5, 0",Male,18,No,male,5
39778,Yes,No,"English, Mandarin, Cantonese, French","5, 2, 0, 8",Female,18,No,female,5
40270,Yes,Yes,"English, French, Cantonese","4, 9, 0",male,19,No,male,4
36424,Yes,No,"Mandarin, English, French, Cantonese","0, 0, 11, 0",female,19,No,female,0
40279,Yes,Yes,"English, Cantonese, Mandarin","5, 2, 2",female,18,No,female,5
40282,Yes,Yes,"Korean, Canadian French","0, 0",Male,19,No,male,-1
40288,No,No,English,0,female,18,No,female,0
39718,Yes,Yes,"English, French, Japanese","0, 14",Female,20,No,female,0
39355,Yes,Yes,"Cantonese, English, Mandarin","0, 0, 0",Male,18,No,male,0
40219,Yes,Yes,"Mandarin, English","0, 5",Male,19,No,male,5
28219,Yes,Yes,"English, Japanese, French, Korean","0, 0, 11, 19",female,21,No,female,0
40291,Yes,Yes,"English, Russian, French, Japanese","0, 0, 9, 16",Male,22,No,male,0
40294,No,No,"Mandarin, Cantonese, French, Japanese, English","0, 6, 12, 19, 4",Male,19,No,male,4
40300,Yes,Yes,"English, Spanish, French","0, 12, 6",Female,20,No,female,0
40312,Yes,Yes,"English, French, Yoruba","0, 5, 2",She/her,18,No,female,0
40309,Yes,Yes,"Canadian English, Canadian French, Italian","0, 9, 29",Male,31,No,male,0
40315,Yes,Yes,"English, Mandarin, French","3, 0, 10",Female,21,No,female,3
39790,No,Yes,"French, English, Spanish","0, 0, 12",Male,22,No,male,0
40321,Yes,Yes,"English, Cantonese, Mandarin, Korean","0, 0, 14, 22",Male,23,No,male,0
40327,Yes,Yes,"English, Mandarin","0, 0",Female,19,No,female,0
39910,Yes,Yes,"English, Cantonese","0, 0",Male,18,No,male,0
40318,Yes,Yes,"English, Cantonese, french, spanish","0, 0, 6, 13",male,22,No,male,0
40333,Yes,Yes,"English, German, Twi, French","6, 0, 0, 10",woman,22,No,female,6
40336,Yes,Yes,"English, Cantonese, French","0, 0, 11",Female,19,No,female,0
40339,Yes,Yes,"English, French, Arabic, henqeminem, Spanish","0, 3, 18, 20, 14",Female,20,No,female,0
40330,Yes,Yes,"English, romanian, french, japanese","4, 0, 5, 19",female,20,No,female,4
36358,Yes,Yes,"English, Thai, French, Mandarin, ASL, Spanish","0, 16, 10, 4, 22",Trans-masc,23,No,male,0
23527,Yes,Yes,"English, Tamil, French, ASL","0, 0, 9, 22",Female,22,No,female,0
40348,Yes,No,"English, Mandarin, Hainanese dialect","5, 1, 1",Male,18,No,male,5
40351,Yes,Yes,"English, French, Cantonese, Tagalog","0, 4, 0, 0",female,18,No,female,0
40354,Yes,Yes,"English, Mandarin, French","0, 0, 0",Female,18,No,female,0
37795,Yes,Yes,"English, American Sign Language","0, 14",Male,19,No,male,0
26917,Yes,Yes,"English, Mandarin, Japanese, Russian, Cantonese, Southern Min","0, 0, 14, 19, 0, 8",queer,22,No,other,0
40357,Yes,Yes,"English, French, Danish","0, 11, 19",Male,20,No,male,0
38140,Yes,Yes,"English, Mandarin, Spanish","0, 14, 19",Female,19,No,female,0
40363,Yes,Yes,"English, Mandarin, Farsi, French, Vietnamese","0, 15, 0, 12, 0",Male,19,No,male,0
40369,Yes,No,"english, thai, french, chinese","6, 0, 12, 0",woman,19,No,female,6
40372,No,No,"Japanese, English","0, 13",Male,26,No,male,13
40324,Yes,Yes,"English, Spanish, Hebrew, Japanese, Portuguese, Arabic, French","0, 0, 0, 16, 16, 18, 5",non-binary,18,No,non-binary,0
39853,Yes,Yes,"English, French, Japanese","0, 11, 20",Male,21,No,male,0
40378,No,No,"Mandarin, English","0, 14",male,22,No,male,14
34993,Yes,Yes,"English, Intro Mandarin","0, 7",F,19,No,female,0
36934,Yes,Yes,"English, Tagalog, Spanish","3, 1, 14",Male,25,No,male,3
35527,Yes,No,"Marathi, English, Japanese, French","0, 0, 17, 14",Male,19,No,male,0
40381,Yes,Yes,"English, French","0, 0",female,21,No,female,0
40387,Yes,Yes,"English, Japanese, Spanish","0, 0, 0",Female,17,No,female,0
35083,No,No,"Korean, English, Japanese","0, 10, 16",female,20,No,female,10
40396,Yes,Yes,"English, Tagalog, French","0, 0, 0",M,25,No,male,0
40393,Yes,Yes,"English, Filipino (Tagalog), French","0, 0, 0",Male,18,No,male,0
40399,Yes,No,"French (Québécois), English, Italian, Norwegian, Mandarin, Spanish","0, 3, 6, 14, 18, 12",Female,18,No,female,3
40276,Yes,Yes,"English, Spanish, French","0, 17, 10",Female,18,No,female,0
40390,Yes,Yes,"English, Mandarin Chinese","0, 0",Male,19,No,male,0
40306,No,Yes,Mandarin,0,male,19,No,male,-1
40408,No,No,"Hindi, English","2, 5",Male,20,No,male,5
40405,No,No,"Hindi, Sindhi, English","3, 9, 5",Male,20,No,male,5
40411,Yes,No,"English (natively), Mandarin (natively), French (educational)","0, 0, 11",Female,18,No,female,0
40414,Yes,Yes,"English, French, Marwari, Hindi, Punjabi","0, 0, 0, 0, 0",Female,19,No,female,0
39883,Yes,Yes,"English, Hindi, Punjabi, Marathi, French","0, 0, 0, 7, 14",non binary,21,No,non-binary,0
25900,Yes,No,"Farsi, English, French, German","0, 4, 16, 19",Make,24,No,male,4
40366,Yes,Yes,"english, japanese","0, 15",male,21,No,male,0
40420,No,No,"Marathi, Hindi, English","0, 3-4, 4-5",Male,19,No,male,4-5
40423,Yes,Yes,"Mandarin, Indonesian, Japanese","0, 0, 0",female,18,No,female,-1
40303,Yes,Yes,"English, Italian, French","0, 0, 8",female,18,No,female,0
40429,Yes,No,"English, Tagalog","0, 0",Male,19,No,male,0
40342,Yes,No,"Thai, English, Mandarin Chinese","0, 0, 0",Female,21,No,female,0
40426,No,Yes,"Dari, Persian/Farsi, English, French","0, 0, 5, 10",female,19,No,female,5
40432,Yes,No,"English, Mandarin, Cantonese, German","5, 3, 0, 13",female,18,No,female,5
40444,Yes,Yes,"English, Filipino (Tagalog/Ilocano), Mandarin","0, 0, 15",Female,19,No,female,0
40447,Yes,Yes,"English, Mandarin, French","0, 0, 11",Female (she/her),19,No,female,0
40456,Yes,Yes,english,0,Female,18,No,female,0
40453,Yes,Yes,"English, French, Mandarin","0, 11, 5",woman,18,No,female,0
40459,No,No,"English, French, German, Scots Gaelic","0, 10, 15, 15",Non-binary,18,No,non-binary,0
40474,Yes,Yes,"English, French, Spanish","0, 0, 0",Female,18,No,female,0
40483,Yes,No,"Canadian English, Dari - Farsi, Urdu, Arabic, Indonesian","6, 0, 6, 3, 11",Female,18,No,female,6
40486,Yes,Yes,"English, Filipino, Tagalog, Pangalatok","0, 0, 0, 0",Male,20,No,male,0
40450,Yes,Yes,"English, French","0, 4",Female,18,"Yes, please specify the disorder or disability:",female,0
36610,No,No,"Vietnamese, English","0, 0",Male,19,No,male,0
40489,Yes,Yes,"English, Mandarin, Spanish","4, 0, 18",female,21,No,female,4
40492,Yes,Yes,"English, Vietnamese, Chinese (Mandarin)","0, 0, 0",Male,18,No,male,0
40495,Yes,No,"English, Mandarin, Cantonese","0, 0, 3",Male,18,No,male,0
40501,Yes,Yes,"Sichuan Dialect Chinese, Mandarin Chinese, English, Korean, Japanese","0, 2, 0, 14, 11",Complicated,18,No,other,0
40507,Yes,Yes,"English, Mandarin, French, Cantonese","3, 0, 14, 16",Male,17,No,male,3
40513,No,No,"English, Vietnamese, Spanish, Korean","6, 0, 19, 15",Male,21,No,male,6
40510,No,No,"Mandarin, English, Japanese","0, 4, 18",female,18,No,female,4
33436,Yes,Yes,"English, German","0, 13",female,20,No,female,0
40519,Yes,Yes,"English, Igbo, French, Italian, Ibibio","0, 0, 0, 0, 0",Female,20,No,female,0
40471,No,No,Mandarin,0,Male,19,No,male,-1
40522,No,No,"English, Mandarin, French, Russian","6, 0, 19, 18",Male,21,No,male,6
40174,No,Yes,"English, Mandarin, Japanese, Cantonese","0, 0, 0, 0",Male,19,No,male,0
38152,Yes,Yes,"English, Mandarin","4, 1",Female,19,No,female,4
30688,Yes,Yes,"English, Dari, Russian","3, 0, 0",male,22,No,male,3
40525,No,No,"Punjabi, Hindi, English","0, 0, 6",Male,19,No,male,6
40528,Yes,Yes,"English, Hindi, Arabic, French","0, 0, 7, 18",Male,21,No,male,0
40534,Yes,Yes,"English (Native), Romanian (Native), French (School)","4, 0, 5",Male,21,No,male,4
40480,Yes,Yes,"English, French, Mandarin","0, 10, 17",male,19,No,male,0
40540,Yes,No,"English, Japanese, Mandarin","12, 0, 19",female,19,No,female,12
31969,Yes,Yes,"English, French, Russian","0, 13, 19",Female,21,No,female,0
40201,Yes,Yes,"English, French","0, 10",female,21,No,female,0
36106,No,No,"Wu, Mandarin, English","1, 5, 9",Male,19,No,male,9
40546,Yes,Yes,"English, Mandarin, French","0, 0, 10",female,18,No,female,0
40549,Yes,Yes,"English, Tagalog, Canadian French","0, 0, 8",female,18,No,female,0
40552,Yes,Yes,"English, French","0, 11",Male,19,No,male,0
40555,Yes,Yes,"English, Mandarin, French, Korean","0, 3, 11, 16",Male,18,No,male,0
40561,Yes,Yes,"English, French","0, 11",Female,19,No,female,0
40564,Yes,Yes,"English, French","0, 4",Women,17,"Yes, please specify the disorder or disability:",female,0
40567,Yes,Yes,"English, French, Korean, Mandarin, Japanese, Russian, Vietnamese","5, 9, 3, 6, 14, 0, 0",female,18,No,female,5
40570,Yes,Yes,"English, cantonese, mandarin, French","0, 0, 0, 5",male,19,No,male,0
40573,Yes,Yes,English,0,Male,18,No,male,0
40579,Yes,Yes,"english, fijian hindi, urdu, farsi, egyptian arabic, french, japanese standard, okinawan japanese, russian (khazak)","0, 0, 0, 0, 0, 10, 18, 20, 0",Female,20,No,female,0
40582,Yes,Yes,"English, French","7, 0",Man,20,No,male,7
40165,No,No,"Korean, English, Chinese, Spanish","0, 13, 17, 7",Male,24,No,male,13
40585,Yes,Yes,"English, Japanese, French","2, 0, 13",Male,18,No,male,2
40402,Yes,Yes,"Vietnamese, English","0, 5",male,22,No,male,5
40588,Yes,Yes,"English, Mandarin Chinese","2, 0",Male,23,No,male,2
40591,No,No,"english, portuguese, gujurati, spanish","0, 0, 0, 0",female,21,No,female,0
37168,No,No,"Farsi, English","0, 15",Female,24,No,female,15
40216,Yes,Yes,"English, French","0, 9",Girl,19,No,female,0
35854,Yes,Yes,"Russian, Korean, Ukrainian, Spanish, English","0, 14, 0, 10, 0",Woman,20,No,female,0
40594,Yes,Yes,"English, Urdu","0, 0",female,18,"Yes, please specify the disorder or disability:",female,0
39349,Yes,Yes,"English, Hindi, Marathi, Punjabi","0, 0, 0, 0",Female,21,No,female,0
40597,Yes,Yes,"English, Mandarin, Spanish, Japanese, French","0, 0, 14, 13, 6",Male,19,No,male,0
40600,Yes,Yes,"english, japanese","0, 0",male,20,No,male,0
36889,Yes,Yes,"English, French, Swahili","0, 5, 20",Female,20,No,female,0
40606,Yes,Yes,"English, Mandarin, French","0, 12, 0",female,20,No,female,0
40234,Yes,Yes,"English, French, Mandarin","0, 5, 14",Woman,20,No,female,0
40612,No,No,"Gujarati, Hindi, English, Arabic","0, 0, 0, 0",Male,18,No,male,0
40603,Yes,No,"English, Mandarin, French","5, 0, 10",female,18,No,female,5
40264,Yes,Yes,"English, Spanish, Māori, KiSwahili, French, Punjabi, Russian","0, 15, 5, 30, 18, 25, 20",Female,31,No,female,0
36469,No,No,"English, Chinese","6, 0",male,20,No,male,6
40297,Yes,Yes,"English, Spanish","0, 5",Male,21,No,male,0
32050,Yes,Yes,"English, French","0, 4",Woman,21,No,female,0
30706,Yes,Yes,"English, French","0, 7",Woman,21,No,female,0
31516,Yes,Yes,"English, Farsi, French","3, 1, 10",female,25,No,female,3
34114,Yes,Yes,"English, Greek, Mandarin, French","0, 0, 14, 4",Male,21,No,male,0
39628,No,No,"Mandarin, English","0, 6",female,19,No,female,6
40615,No,No,"Mandarin, English, Cantonese","0, 6, 19",Woman,19,No,female,6
39391,Yes,Yes,"English, French, Korean","0, 10, 12",Female,18,No,female,0
40618,Yes,Yes,"English, Mandarin","0, 0",male,19,No,male,0
40624,No,No,"English, punjabi, spanish, French","0, 0, 12, 10",woman,17,No,female,0
40627,No,No,"Chinese, English, Japanese, German","0, 7, 11, 15",Female,19,No,female,7
40630,Yes,Yes,English,0,Male,19,No,male,0
40621,No,No,"English, Tagalog, Bisaya, French, Ilocano","0, 12, 15, 10, 15",Female,19,"Yes, please specify the disorder or disability:",female,0
40633,Yes,No,"Cantonese, English, Mandarin","0, 3, 3",female,20,No,female,3
35032,Yes,Yes,"French, Mandarin, Cantonese","6, 18, 18",Male,21,No,male,-1
40636,No,No,"Gujarati, Hindi, English, Arabic","0, 5, 5, 9",Male,18,No,male,5
40645,Yes,Yes,"Cantonese, Mandarin, French, English, Japanese","0, 8, 10, 0, 16",Male,19,No,male,0
40642,Yes,Yes,"English, Cantonese, Mandarin, Japanese","0, 0, 0, 12",Male,19,No,male,0
33808,Yes,Yes,"english, hindi, urdu, spanish, mandarin","0, 0, 0, 0, 0",Female,20,No,female,0
40654,No,No,"Mandarin, English, French, Japanese","0, 4, 17, 16",female,18,No,female,4
40660,Yes,Yes,"English, Mandarin","6, 0",male,19,No,male,6
40663,Yes,No,"cantonese, Mandarin, English, Japanese, Korean","0, 0, 0, 13, 13",Women,18,No,female,0
31777,Yes,Yes,"English, Mandarin","10, 0",Female,22,No,female,10
23974,Yes,Yes,"English, Vietnamese, Mandarin, French, Japanese, Korean","0, 0, 11, 12, 19, 22",Female,27,No,female,0
40672,Yes,Yes,"English, French, Slovenian","0, 0, 0",Female,21,No,female,0
39784,Yes,Yes,"English, Mandarin, French","0, 0, 12",Male,20,No,male,0
40675,Yes,No,"English, Hindi, Sanskrit, Urdu, French","0, 0, 11, 0, 18",Female,22,No,female,0
40678,Yes,Yes,"urdu, hindi, pashto, spanish, german, french","0, 0, 0, 0, 0, 0",male,23,No,male,-1
40681,Yes,Yes,"English, Punjabi, French","0, 0, 10",Male,25,No,male,0
40684,No,No,"Mandarin, English, French","0, 5, 16",female,19,No,female,5
40657,Yes,Yes,English,0,male,19,No,male,0
40669,Yes,Yes,"English, Filipino, Spanish","0, 0, 10",Male,21,No,male,0
40057,No,No,"English, Mandarin, Cantonese, Spanish","10, 0, 12, 15",female,18,No,female,10
40687,Yes,Yes,English,0,Prefer not to answer,22,No,other,0
37849,Yes,Yes,"English, Korean, Spanish","0, 16, 15",female,20,No,female,0
20839,Yes,Yes,"English, Mandarin","4, 0",F,23,No,female,4
40543,No,No,"Mandarin, English, Japanese","0, 10, 18",female,18,No,female,10
40225,No,No,"Chinese, English","0, 4",Female,19,No,female,4
27214,Yes,Yes,"English, French, Spanish","0, 18, 5",Male,24,No,male,0
40213,Yes,Yes,"English, Vietnamese, French","0, 0, 10",Male,18,No,male,0
36721,No,No,"English, Chinese, Spanish, Japanese","3, 0, 16, 10",female,19,No,female,3
40690,No,No,"English, Farsi, French, Spanish","0, 0, 0, 0",female,18,No,female,0
40345,Yes,Yes,"Punjabi, English, French, Hindi","0, 3, 10, 5",Female,18,No,female,3
40696,Yes,Yes,"English, Thai, French, Portuguese","0, 0, 16, 13",Female,18,No,female,0
40699,Yes,Yes,English,0,Male,20,No,male,0
28141,Yes,Yes,English,0,Cis Woman,21,No,female,0
40705,Yes,Yes,"French, Persian","4, 0",MALE,19,No,male,-1
39256,Yes,No,"English, Korean","12, 0",Male,19,No,male,12
40708,Yes,Yes,"English (Canadian), French (Parisian), German (High German), Mandarin, Japanese","0, 4, 17, 5, 17",Woman,18,No,female,0
40714,Yes,No,"Hindi, Punjabi, English","1, 1, 3",He him,19,No,male,3
40717,Yes,Yes,"English, French, Cantonese, Mandarin","7, 0, 0, 0",Male,23,No,male,7
40720,Yes,Yes,"English, Cantonese, Mandarin, French","0, 0, 5, 10",Female,18,No,female,0
40723,Yes,Yes,"English, French, Punjabi","0, 10, 0",Male,18,No,male,0
40726,Yes,Yes,English (native),0,female,21,No,female,0
38104,No,No,"Chinese, English","1, 4",male,20,No,male,4
40729,Yes,No,"ENGLISH, CHINESE","6, 0",WOMEN,23,No,female,6
40702,Yes,Yes,"English, Japanese, Spanish, French","0, 6, 13, 13",Male,18,No,male,0
40285,Yes,Yes,English,0,Male,21,No,male,0
40666,Yes,No,"English, Cantonese","2, 0",Male,20,No,male,2
40732,No,Yes,"English, French, Spanish","1, 10, 21",Male,23,No,male,1
36628,No,No,English,0,female,19,No,female,0
40735,Yes,Yes,"English, Mandarin","0, 0",Female,20,No,female,0
40741,Yes,No,"Indonesian, Bataknese, Malaysian, Spanish, German, Mandarin, Japanese, Korean","0, 0, 0, 17, 14, 17, 18, 0",Male,19,No,male,-1
40738,Yes,No,"Bengali, English, Urdu, Hindi, Arabic, French","0, 0, 5, 5, 5, 20",Male,22,No,male,0
